proposition_id	place_id	year_start	year_end	stance	supporting_claim_count	opposing_claim_count	derived_edge_ids	derivation_hash
disciples-are-called-to-follow-jesus	galilee	27	30	affirms	1	0	edge-cfcb788b810cefc3	drv-67a50822290b2e48
disciples-are-called-to-follow-jesus	nazareth	27	30	affirms	1	0	edge-701dd25d2390c5c2	drv-9da1a0e590f5586d
jesus-teaches-with-unique-authority	galilee	27	30	affirms	1	0	edge-2e330766b4b7388c	drv-8fb29ca9f4609f3e
jesus-teaches-with-unique-authority	nazareth	27	30	affirms	1	0	edge-3300a901a61948bf	drv-043acb7eb43665a1
kingdom-of-god-has-drawn-near	galilee	27	30	affirms	1	0	edge-a9edfeb5f47365fe	drv-241a7818b4ce18ec
kingdom-of-god-has-drawn-near	nazareth	27	30	affirms	1	0	edge-39ae4dc3b5eae396	drv-e6b49fbc6e4d2489
disciples-are-called-to-follow-jesus	judea	30	30	affirms	1	0	edge-1e0edf5fd0892bbb	drv-83fbc7ee4d5ba6aa
jesus-teaches-with-unique-authority	judea	30	30	affirms	1	0	edge-27fd334cf15e6b84	drv-731963c422d89ecc
kingdom-of-god-has-drawn-near	judea	30	30	affirms	1	0	edge-1d9562f5ed838bf3	drv-6249a7b19d1cfed7
apostolic-succession-transmits-faith	samaria	30	65	opposes	0	1	edge-760da72b00d5be4b	drv-ea10d1fbb596b91b
christ-truly-became-flesh	samaria	30	65	opposes	0	1	edge-0561c55077afc475	drv-c8067146de5c3c5e
logos-is-pre-existent-son-of-god	samaria	30	65	opposes	0	1	edge-39e7a3347125303c	drv-bfc32f0374850b2b
old-testament-is-authoritative-scripture	samaria	30	65	opposes	0	1	edge-ca799240b94eb2b8	drv-b1d9f9b76f46c105
gentile-believers-need-not-be-circumcised	antioch	49	49	affirms	1	0	edge-436af4381cc80479	drv-f3b38584cbf72c80
gentile-believers-need-not-be-circumcised	caesarea	49	49	affirms	1	0	edge-2b14e86c6b3c7ea3	drv-d88d398badfe7b9d
gentile-believers-need-not-be-circumcised	galatia	49	49	affirms	1	0	edge-13a78c486df60321	drv-8b55870a5c299c51
gentile-believers-need-not-be-circumcised	galilee	49	49	affirms	1	0	edge-93c2184a32ff1222	drv-28b705f9d0e27baa
gentile-believers-need-not-be-circumcised	jerusalem	49	49	affirms	2	0	edge-910418bb479e46fc|edge-caaf49f5d5a83c18	drv-505e4e7650d99ba2
gentile-believers-need-not-be-circumcised	joppa	49	49	affirms	1	0	edge-bedc570fb4cb9578	drv-750dbe3443f912e7
gentile-believers-need-not-be-circumcised	lydda	49	49	affirms	1	0	edge-f150d8126fba5fd3	drv-d5482922fbc2692c
gentile-believers-need-not-be-circumcised	rome	49	49	affirms	1	0	edge-669352f172c22300	drv-56a0345ea7bf7747
gentile-believers-need-not-be-circumcised	samaria	49	49	affirms	1	0	edge-bfe20f6f7df90802	drv-b79058cb3b5d968d
jesus-is-proclaimed-as-raised	thessalonica	50	50	affirms	1	0	edge-a9e1f5650b0ea95e	drv-38dc62fa70a35ebf
bartholomew-preached-in-india	galilee	50	70	affirms	1	0	edge-8488af732d8190db	drv-26a489b540b5b88e
bartholomew-preached-in-india	india-malabar	50	70	affirms	1	0	edge-82b8e65c1bc28a97	drv-80a1de3ab590a215
final-judgment-is-coming	thessalonica	51	51	affirms	1	0	edge-059313827be2e6ff	drv-bda000b6589ca127
thomas-preached-in-india	galilee	52	72	affirms	1	0	edge-11be17b0d9bfb3ca	drv-ea625f17cdcdfbbc
thomas-preached-in-india	india-malabar	52	72	affirms	1	0	edge-19e03ea63fd23c7f	drv-dc66842f1af774e5
thomas-preached-in-india	jerusalem	52	72	affirms	1	0	edge-f1aa15ec0ab8ec4e	drv-83096640d2f7f8f1
jesus-is-proclaimed-as-raised	corinth	54	54	affirms	1	0	edge-9cfcde7f9896b2e9	drv-64cbc91014dc23ae
jesus-is-proclaimed-as-raised	ephesus	54	54	affirms	1	0	edge-903d593ddfd89edc	drv-7fb76bfe93d76f87
jesus-is-proclaimed-as-raised	achaia	55	56	affirms	1	0	edge-a5fce0b4a0bb270b	drv-780d822088952cb6
jesus-is-proclaimed-as-raised	corinth	55	56	affirms	1	0	edge-5bf9c9074ebb48ef	drv-2d488b6f3018e866
jesus-is-proclaimed-as-raised	rome	57	57	affirms	1	0	edge-9507df7f2311ff20	drv-85774131af32140c
jesus-is-proclaimed-as-raised	colossae	60	60	affirms	1	0	edge-a09edd8bd97ea989	drv-f3a543b0d597619e
jesus-is-proclaimed-as-raised	ephesus	60	60	affirms	1	0	edge-f9f1207c5d6b6410	drv-a46efec102d3e5db
jesus-is-proclaimed-as-raised	philippi	61	61	affirms	1	0	edge-9f0798cf197cf83b	drv-bbc6be74e51e6572
baptism-effects-regeneration	asia	62	64	affirms	1	0	edge-6909595bf556ef0d	drv-1eee57e806d4bbb8
baptism-effects-regeneration	bithynia	62	64	affirms	1	0	edge-64a82bccfdb4d17a	drv-4ce9631e3bb644d6
baptism-effects-regeneration	cappadocia	62	64	affirms	1	0	edge-e4efa765309d98e8	drv-ca5e7ac4bea5ec60
baptism-effects-regeneration	galatia	62	64	affirms	1	0	edge-8ddc5771922abc87	drv-47b732608d3dacf7
baptism-effects-regeneration	pontus	62	64	affirms	1	0	edge-6584e30b221c9866	drv-c1807efb516e2aec
jesus-is-proclaimed-as-raised	asia	62	64	affirms	1	0	edge-93f8c437297cdb4c	drv-0d6c9bf4a8c4fbb2
jesus-is-proclaimed-as-raised	bithynia	62	64	affirms	1	0	edge-49e338722c423966	drv-e7f895b2fee17341
jesus-is-proclaimed-as-raised	cappadocia	62	64	affirms	1	0	edge-3b3b03fbf06aa5ae	drv-0660d5a971e69eef
jesus-is-proclaimed-as-raised	galatia	62	64	affirms	1	0	edge-0f84516f66f32a4b	drv-bd8ba7d2a09d67e0
jesus-is-proclaimed-as-raised	pontus	62	64	affirms	1	0	edge-40f7fac42c88b7c2	drv-d7b049956519be7b
logos-is-pre-existent-son-of-god	asia	90	100	affirms	1	0	edge-f6713e37546e3b7f	drv-b7e17f96d5c7e53c
logos-is-pre-existent-son-of-god	ephesus	90	100	affirms	1	0	edge-77bbc94e907a845b	drv-b064a53551020cd9
logos-is-pre-existent-son-of-god	galilee	90	100	affirms	1	0	edge-bd68fbb1a311cc6a	drv-a086da75b66f430e
logos-is-pre-existent-son-of-god	jerusalem	90	100	affirms	1	0	edge-14376bb35ba49c16	drv-169330aee1466b8c
logos-is-pre-existent-son-of-god	patmos	90	100	affirms	1	0	edge-420f671759aa0503	drv-a6a61a569524d81a
christ-truly-became-flesh	ephesus	90	120	opposes	0	1	edge-d491070894f31fcf	drv-ceed43ee9655536f
christ-truly-suffered-and-died	ephesus	90	120	opposes	0	1	edge-81b25bce48942d01	drv-706e87a2c30a32ba
jesus-born-of-virgin	ephesus	90	120	opposes	0	1	edge-8cf39b6cfaf0eaef	drv-c664643b8b88ef16
logos-is-pre-existent-son-of-god	ephesus	90	120	opposes	0	1	edge-b61aa425fcf8b23b	drv-9f7cb7d0a66ad316
old-testament-is-authoritative-scripture	ephesus	90	120	opposes	0	1	edge-7892d45e3a3263f8	drv-6f9356d1d336ae79
final-judgment-is-coming	ephesus	95	95	affirms	1	0	edge-731c3076036831c5	drv-f40fc86e6237deb1
final-judgment-is-coming	laodicea	95	95	affirms	1	0	edge-5b925ce4078b520a	drv-e55994d8cf0bc648
final-judgment-is-coming	patmos	95	95	affirms	1	0	edge-edf1d48b57536346	drv-f8fb39aab2f9aaa0
final-judgment-is-coming	pergamum	95	95	affirms	1	0	edge-8537b7c6637991f0	drv-e1fcb5d3c9fd2167
final-judgment-is-coming	philadelphia-asia	95	95	affirms	1	0	edge-97f2e61225ca6554	drv-62cedd97a3769033
final-judgment-is-coming	sardis	95	95	affirms	1	0	edge-83df963d729bc88b	drv-508b075df2fbef69
final-judgment-is-coming	smyrna	95	95	affirms	1	0	edge-265ce94dbe8f7759	drv-359e13935c7eca00
final-judgment-is-coming	thyatira	95	95	affirms	1	0	edge-776b77315bdb5a2a	drv-4bda7cb0d1b2bec4
martyrdom-witnesses-to-christ	ephesus	95	95	affirms	1	0	edge-7935bca4d84e70c5	drv-4584bb412f62210e
martyrdom-witnesses-to-christ	laodicea	95	95	affirms	1	0	edge-2e3e9476ac2a9f97	drv-e01b45f890a746c1
martyrdom-witnesses-to-christ	patmos	95	95	affirms	1	0	edge-18fdd00ab6e75d2b	drv-bbdc7f2e0ae6971b
martyrdom-witnesses-to-christ	pergamum	95	95	affirms	1	0	edge-f765a2e996fd7732	drv-208c0e738de578e2
martyrdom-witnesses-to-christ	philadelphia-asia	95	95	affirms	1	0	edge-65a5d62efcb598da	drv-d01fe53f70d330a6
martyrdom-witnesses-to-christ	sardis	95	95	affirms	1	0	edge-079f3039bb488de1	drv-2ab59890bd9d0397
martyrdom-witnesses-to-christ	smyrna	95	95	affirms	1	0	edge-e688155e04c5110c	drv-1cd9c04d421c6922
martyrdom-witnesses-to-christ	thyatira	95	95	affirms	1	0	edge-9ffb06831c0409d7	drv-c2219f867e3afdbb
martyrs-relics-honored	ephesus	95	95	affirms	1	0	edge-09ea42a430714202	drv-8ef9e858e6fbed10
martyrs-relics-honored	laodicea	95	95	affirms	1	0	edge-477eb7e8c93df8af	drv-0f88fda3f95ac8f6
martyrs-relics-honored	patmos	95	95	affirms	1	0	edge-bcb1c5b8d8186f1a	drv-7e90c654678307cc
martyrs-relics-honored	pergamum	95	95	affirms	1	0	edge-61a2babd72592805	drv-b096c6225430dd99
martyrs-relics-honored	philadelphia-asia	95	95	affirms	1	0	edge-5dc7bccfbcbdb1b9	drv-b95841794d576ff6
martyrs-relics-honored	sardis	95	95	affirms	1	0	edge-3d562e765a866d7a	drv-38ddb62e66007183
martyrs-relics-honored	smyrna	95	95	affirms	1	0	edge-d2b139e4e7f26387	drv-bd09ae8cb1baa9a0
martyrs-relics-honored	thyatira	95	95	affirms	1	0	edge-1911b576eb4f1619	drv-35d876f38c312d63
apostolic-succession-transmits-faith	corinth	95	96	affirms	1	0	edge-767b9621b135e77c	drv-a4db8400aa2768b0
apostolic-succession-transmits-faith	rome	95	96	affirms	1	0	edge-82a44ef0e9f5b21d	drv-ba68712ffb5680b3
bishop-succession-guarantees-apostolic-faith	corinth	95	96	affirms	1	0	edge-a83496c2dffff035	drv-93ed90bd65e5ba87
bishop-succession-guarantees-apostolic-faith	rome	95	96	affirms	1	0	edge-3e8f2a1f4112a52a	drv-7c95d3047b43110d
bodies-will-be-raised-at-last-day	corinth	95	96	affirms	1	0	edge-483dfa71f1998d24	drv-b55b43e969952024
bodies-will-be-raised-at-last-day	rome	95	96	affirms	1	0	edge-a94ce9b5573099d7	drv-2bb8898647b3f71c
christ-truly-became-flesh	corinth	95	96	affirms	1	0	edge-d9f534dc51d382b1	drv-2093816c1b90e91a
christ-truly-became-flesh	rome	95	96	affirms	1	0	edge-588a0020c203f7c4	drv-b9edfb921be40eab
fasting-is-required	corinth	95	96	affirms	1	0	edge-4b45986b1533f910	drv-1959ad6b6eb83477
fasting-is-required	rome	95	96	affirms	1	0	edge-c28f10cec2269893	drv-e2a7eda9c8e4a257
frequent-eucharistic-assembly	corinth	95	96	affirms	1	0	edge-ef4d170d4b38f2a6	drv-6c3f1f8b19d897c2
frequent-eucharistic-assembly	rome	95	96	affirms	1	0	edge-40e57cfff5309439	drv-7b3a146951d77c45
logos-is-pre-existent-son-of-god	corinth	95	96	affirms	1	0	edge-00ade5f0aee26a9a	drv-7e9fe0bf737c601b
logos-is-pre-existent-son-of-god	rome	95	96	affirms	1	0	edge-f7e717009c6a7173	drv-fa081c4a09d84ef4
martyrdom-witnesses-to-christ	corinth	95	96	affirms	1	0	edge-516c039c5f8f0502	drv-3d56690b12ce43d9
martyrdom-witnesses-to-christ	rome	95	96	affirms	1	0	edge-6cdeca89bceb2df7	drv-efda60c7c88868ec
old-testament-is-authoritative-scripture	corinth	95	96	affirms	1	0	edge-b03608cd09111f8b	drv-e19135bc44de7a33
old-testament-is-authoritative-scripture	rome	95	96	affirms	1	0	edge-797ff642d57a9e97	drv-72e599042433d011
ordination-conferred-by-laying-on-of-hands	corinth	95	96	affirms	1	0	edge-758840b23f9edfe6	drv-47ba422243cc0cf6
ordination-conferred-by-laying-on-of-hands	rome	95	96	affirms	1	0	edge-5362b79e04c10a76	drv-88cb7b4488bad187
repentance-is-required	corinth	95	96	affirms	1	0	edge-d25c86a321641500	drv-d38f972686b8780c
repentance-is-required	rome	95	96	affirms	1	0	edge-fb712b5f7d39ac81	drv-4b30199b5ef1b344
rule-of-faith-received-from-apostles	corinth	95	96	affirms	1	0	edge-44a8563dea11a905	drv-358259523cafbeb6
rule-of-faith-received-from-apostles	rome	95	96	affirms	1	0	edge-c0213988523ec3ac	drv-5e13df110abeae91
threefold-ministry-required	corinth	95	96	affirms	1	0	edge-31b4e7a3ae3f0805	drv-a3e951ca7a67b185
threefold-ministry-required	rome	95	96	affirms	1	0	edge-18eb6494c6f28820	drv-c505ca041f6c0243
apostolic-succession-transmits-faith	hierapolis	95	110	affirms	1	0	edge-b9edc8f4527f9060	drv-ad961660133f757a
bodies-will-be-raised-at-last-day	hierapolis	95	110	affirms	1	0	edge-5576370611cf4e67	drv-4e8bac0ba0cc2dbc
rule-of-faith-received-from-apostles	hierapolis	95	110	affirms	1	0	edge-af79da58e8becbb8	drv-aec6c747528df286
bodies-will-be-raised-at-last-day	antioch	100	135	opposes	0	1	edge-a7e45a6930ba437d	drv-b32a45f89248fdd7
christ-truly-became-flesh	antioch	100	135	opposes	0	1	edge-877da3f6cdc4359b	drv-bae444882173a4ca
christ-truly-suffered-and-died	antioch	100	135	opposes	0	1	edge-8642536c09bfb3b6	drv-92c56a20d29de0d6
jesus-born-of-virgin	antioch	100	135	opposes	0	1	edge-d69eea9332f3109c	drv-ca7cbf1946e56c19
logos-is-pre-existent-son-of-god	antioch	100	135	opposes	0	1	edge-d5ecfd30fb69ca2a	drv-96972535447b7efe
old-testament-is-authoritative-scripture	antioch	100	135	opposes	0	1	edge-12fba476d2165f6c	drv-0945b99e38a5581c
baptism-effects-regeneration	rome	100	150	affirms	1	0	edge-aed9e43580a5d7be	drv-bc1522db04bfbb50
baptism-with-water-commanded	rome	100	150	affirms	1	0	edge-28c1285f6fee7ff7	drv-0eb51d9ced14f2a2
catechumenate-precedes-baptism	rome	100	150	affirms	1	0	edge-b4e2f67989e4ceb6	drv-1df62b20c896a272
christ-truly-became-flesh	rome	100	150	affirms	1	0	edge-b2790a945755660b	drv-7dc12a302252d0fd
fasting-is-required	rome	100	150	affirms	1	0	edge-95bd1bf1cb9282bb	drv-24f29e4af65bb3b4
post-baptismal-sin-forgiven-by-penance	rome	100	150	affirms	1	0	edge-c119a3aa0334f230	drv-b15343e0330940cc
rule-of-faith-received-from-apostles	rome	100	150	affirms	1	0	edge-3882343961e4e6d0	drv-cb25b6622c33c409
eucharist-is-body-and-blood	ephesus	100	155	affirms	1	0	edge-dbc89d7b7d42b8b2	drv-50c22427f4f1fb06
eucharist-is-body-and-blood	rome	100	155	affirms	1	0	edge-27699d198ca629a6	drv-bf4d52e67a0ad050
eucharist-is-body-and-blood	smyrna	100	155	affirms	1	0	edge-eb526b9dca92afb2	drv-c51302b73c0a44a2
fasting-is-required	ephesus	100	155	affirms	1	0	edge-ca08e6155e512530	drv-22a015408db4ebd3
fasting-is-required	rome	100	155	affirms	1	0	edge-cf12fae8217d794a	drv-2bee3923f2873a14
fasting-is-required	smyrna	100	155	affirms	1	0	edge-7562cc05ba367867	drv-e2cd025d8ff374bc
episcopal-unity-grounds-church-unity	antioch	107	110	affirms	1	0	edge-a30179638debbcfb	drv-b9fc7970121ba058
episcopal-unity-grounds-church-unity	ephesus	107	110	affirms	1	0	edge-d5fd65bc768cf9fb	drv-da41b95f71061ea7
episcopal-unity-grounds-church-unity	smyrna	107	110	affirms	1	0	edge-ade186e8a0bb9e83	drv-3a2e2f272a2dfdd9
episcopal-unity-grounds-church-unity	troas	107	110	affirms	1	0	edge-785fd7c7aecca351	drv-b468e8d8e1d594f4
christ-truly-suffered-and-died	ephesus	107	115	affirms	1	0	edge-4ad9f16f174696cb	drv-74071f8e1308ce95
christ-truly-suffered-and-died	philadelphia-asia	107	115	affirms	1	0	edge-c48390cdb2a07c7f	drv-e357f410f1c4fcb2
christ-truly-suffered-and-died	rome	107	115	affirms	1	0	edge-8d0b873e7fac5128	drv-0a85effa809b3a92
christ-truly-suffered-and-died	smyrna	107	115	affirms	1	0	edge-55def6105a09a5fc|edge-a3faa635e72becad	drv-24c4cabf37535ccd
apostolic-succession-transmits-faith	ephesus	110	110	affirms	1	0	edge-696d049b40d4569f	drv-1858e9be7951fc67
apostolic-succession-transmits-faith	philadelphia-asia	110	110	affirms	1	0	edge-b04bde8a9d71dfed	drv-8e639e0d0a21bc01
apostolic-succession-transmits-faith	rome	110	110	affirms	1	0	edge-55ed47fc9cbc9ee8	drv-54596f0d54c8c084
apostolic-succession-transmits-faith	smyrna	110	110	affirms	1	0	edge-9dde0babe3be26c4|edge-b2e43a6b09f259b4	drv-627c5444316e1781
baptism-effects-regeneration	ephesus	110	110	affirms	1	0	edge-94c53cbc1b318bef	drv-095c91494270f611
baptism-effects-regeneration	philadelphia-asia	110	110	affirms	1	0	edge-5ade58b6b98ebbe2	drv-b235bd4573e7dccd
baptism-effects-regeneration	rome	110	110	affirms	1	0	edge-71597f078ac2e1a1	drv-daa7385534963a89
baptism-effects-regeneration	smyrna	110	110	affirms	1	0	edge-06c197c55a8e6802|edge-cca6ed37cdcad855	drv-eb85286427e0469c
bishop-authority-over-eucharist	ephesus	110	110	affirms	1	0	edge-be836c983d3bc415	drv-559c8deeae8cbbcf
bishop-authority-over-eucharist	philadelphia-asia	110	110	affirms	1	0	edge-79e3d1666dd9ce7f	drv-aa776438d1fef2ec
bishop-authority-over-eucharist	rome	110	110	affirms	1	0	edge-eb85f70e197ed9f7	drv-43f64b96d15ce9b7
bishop-authority-over-eucharist	smyrna	110	110	affirms	1	0	edge-d02530c6f999d7f1|edge-d746911d48afcce1	drv-a2dbb26262b1667e
bishop-succession-guarantees-apostolic-faith	ephesus	110	110	affirms	1	0	edge-67c8718824baa100	drv-cd55f9f3cfcda900
bishop-succession-guarantees-apostolic-faith	philadelphia-asia	110	110	affirms	1	0	edge-c7eb50791bc1dcc2	drv-25290410a4fb1044
bishop-succession-guarantees-apostolic-faith	rome	110	110	affirms	1	0	edge-c54da181f477c8d6	drv-8b023fac77696feb
bishop-succession-guarantees-apostolic-faith	smyrna	110	110	affirms	1	0	edge-0a7311c9eaec99f1|edge-40f7364ee18c5105	drv-0d3ee0963b7208da
bishops-govern-local-church	ephesus	110	110	affirms	1	0	edge-ba7caa799f0d1bba	drv-e9ee92584ecc0480
bishops-govern-local-church	philadelphia-asia	110	110	affirms	1	0	edge-2e7aa707b88b364d	drv-ed879aae338a8cac
bishops-govern-local-church	rome	110	110	affirms	1	0	edge-2b4ec9a0b8813303	drv-133b6f717085b8d8
bishops-govern-local-church	smyrna	110	110	affirms	1	0	edge-dd6d4a328701a922|edge-eee93dee6600155a	drv-733b530bf2c05f23
bodies-will-be-raised-at-last-day	ephesus	110	110	affirms	1	0	edge-59d3126ee62f9914	drv-7e1fd4662e514345
bodies-will-be-raised-at-last-day	philadelphia-asia	110	110	affirms	1	0	edge-87cc11c1f9e4c275	drv-1a0b498895ae0f80
bodies-will-be-raised-at-last-day	rome	110	110	affirms	1	0	edge-ebd1e39a5b5d6487	drv-3ef118eaf801a35a
bodies-will-be-raised-at-last-day	smyrna	110	110	affirms	1	0	edge-2d1921ea71ea8b65|edge-a9c9aaedf9f59d23	drv-d2f54b54e1ad92f4
christ-truly-became-flesh	ephesus	110	110	affirms	1	0	edge-356744ca7070f1b7	drv-f3b10aeaf7468af4
christ-truly-became-flesh	philadelphia-asia	110	110	affirms	1	0	edge-5fee795acd2dbeff	drv-290256da873ac253
christ-truly-became-flesh	rome	110	110	affirms	1	0	edge-cbf52092fb3bbf91	drv-a00c374f1c40ff1a
christ-truly-became-flesh	smyrna	110	110	affirms	1	0	edge-cf1b9af6eb857123|edge-cf57db5db4a399ed	drv-b3ef65aae8be8c86
eucharist-is-body-and-blood	ephesus	110	110	affirms	1	0	edge-fb910c3358643cd1	drv-7dc40a8b1884763e
eucharist-is-body-and-blood	philadelphia-asia	110	110	affirms	1	0	edge-1ec2ab195f7e149f	drv-fedd9bc67cc63b71
eucharist-is-body-and-blood	rome	110	110	affirms	1	0	edge-4977c99e7d275c78	drv-62169e67a3fea040
eucharist-is-body-and-blood	smyrna	110	110	affirms	1	0	edge-531d620bb596c844|edge-bd931065dbcffc55	drv-4be8b704b91bc36d
eucharist-is-medicine-of-immortality	ephesus	110	110	affirms	1	0	edge-c93a5c410eca7c0c	drv-39a5cd562838267d
eucharist-is-medicine-of-immortality	philadelphia-asia	110	110	affirms	1	0	edge-618f882872d6a2ee	drv-2a1ac3de39c8b08a
eucharist-is-medicine-of-immortality	rome	110	110	affirms	1	0	edge-0c58328e2e15c2b6	drv-7433c2bda654611a
eucharist-is-medicine-of-immortality	smyrna	110	110	affirms	1	0	edge-270a8f8aa30f97bb|edge-be6530b5285ef60f	drv-07185ea7e4cefac8
fasting-is-required	ephesus	110	110	affirms	1	0	edge-8c69e6e8c3995df4	drv-631455297cb90ce2
fasting-is-required	philadelphia-asia	110	110	affirms	1	0	edge-0bfd8855516a9066	drv-89b3f3746b69965b
fasting-is-required	rome	110	110	affirms	1	0	edge-97c32c3b120c2300	drv-b45df12f14009cd1
fasting-is-required	smyrna	110	110	affirms	1	0	edge-4cf63ccf3dd151b5|edge-c7a8a6c68975ae69	drv-409ca8d599e8123d
final-judgment-is-coming	ephesus	110	110	affirms	1	0	edge-aa8f5696f40d7797	drv-a85ac0e87616e1ac
final-judgment-is-coming	philadelphia-asia	110	110	affirms	1	0	edge-4d4b077c1a524587	drv-e9409424b179533c
final-judgment-is-coming	rome	110	110	affirms	1	0	edge-88e66d93ffe4ddae	drv-7a6ac289c8c673c8
final-judgment-is-coming	smyrna	110	110	affirms	1	0	edge-136f0612282edc1c|edge-ced62059a151988e	drv-5265fa1e8e950a2d
frequent-eucharistic-assembly	ephesus	110	110	affirms	1	0	edge-ad6a9d77e7637a46	drv-e922ee910bf8b22a
frequent-eucharistic-assembly	philadelphia-asia	110	110	affirms	1	0	edge-e10e43dc36a52daa	drv-0e2140ef47ba4365
frequent-eucharistic-assembly	rome	110	110	affirms	1	0	edge-6ceced2042b898b7	drv-73b40961317a07ce
frequent-eucharistic-assembly	smyrna	110	110	affirms	1	0	edge-166496ba9cea6492|edge-7eda23dfc72e9546	drv-8c9a2a24fa321eee
jesus-born-of-virgin	ephesus	110	110	affirms	1	0	edge-343fc7299e957319	drv-e66f7c5b641fdea8
jesus-born-of-virgin	philadelphia-asia	110	110	affirms	1	0	edge-13caca88c0ca737f	drv-61eea2f0d29ab573
jesus-born-of-virgin	rome	110	110	affirms	1	0	edge-6a935dea9fc8b7a4	drv-cab93c514df91d46
jesus-born-of-virgin	smyrna	110	110	affirms	1	0	edge-04ba734f07522855|edge-44dab46187309620	drv-fca567a3d12eb1fc
logos-is-pre-existent-son-of-god	ephesus	110	110	affirms	1	0	edge-2477bc29006dbd83	drv-de7dd7cca48b50d4
logos-is-pre-existent-son-of-god	philadelphia-asia	110	110	affirms	1	0	edge-c0046c857f1e4143	drv-8e8d711db83b80d7
logos-is-pre-existent-son-of-god	rome	110	110	affirms	1	0	edge-c06822e3df57598a	drv-a64c439a10ef51a5
logos-is-pre-existent-son-of-god	smyrna	110	110	affirms	1	0	edge-8188dd3cb12ac444|edge-e26595f34bbae2ef	drv-2b8559390547bd55
martyrdom-witnesses-to-christ	ephesus	110	110	affirms	1	0	edge-5721f189e6128246	drv-34856bcc6e5aedb4
martyrdom-witnesses-to-christ	philadelphia-asia	110	110	affirms	1	0	edge-c22d31f5c3034f73	drv-2cdd61d60b8f9764
martyrdom-witnesses-to-christ	rome	110	110	affirms	1	0	edge-42bfbfb5898c379a	drv-9e430484c53eb2cc
martyrdom-witnesses-to-christ	smyrna	110	110	affirms	1	0	edge-4f545e8e8c2ef692|edge-510c5527b575d87d	drv-68d7d805bea09f58
old-testament-is-authoritative-scripture	ephesus	110	110	affirms	1	0	edge-40ab3c78acbbcb35	drv-720f8f33ff58967a
old-testament-is-authoritative-scripture	philadelphia-asia	110	110	affirms	1	0	edge-2ec858fe6230c5e8	drv-3e56c8fe6df7a756
old-testament-is-authoritative-scripture	rome	110	110	affirms	1	0	edge-c66d7ed495b53f3a	drv-6120f89576ce762e
old-testament-is-authoritative-scripture	smyrna	110	110	affirms	1	0	edge-3bed2610249da1e7|edge-6e2a7756a0b7932e	drv-48be9bf6783ced15
ordination-conferred-by-laying-on-of-hands	ephesus	110	110	affirms	1	0	edge-432a0535f34cfbe8	drv-2a7e1fe4221490cc
ordination-conferred-by-laying-on-of-hands	philadelphia-asia	110	110	affirms	1	0	edge-fa2a43cbd5c06827	drv-698b44afb5b170dc
ordination-conferred-by-laying-on-of-hands	rome	110	110	affirms	1	0	edge-3a2ebb88a6ebb6ea	drv-599c4093ce40923c
ordination-conferred-by-laying-on-of-hands	smyrna	110	110	affirms	1	0	edge-30e095b38f7c88d0|edge-bcd401d122a37f31	drv-2444e39ed4bd6303
repentance-is-required	ephesus	110	110	affirms	1	0	edge-95ebf708cbb50806	drv-0303be673e78a08d
repentance-is-required	philadelphia-asia	110	110	affirms	1	0	edge-2e1f1db6496d8ae7	drv-c5016d5e2b80a244
repentance-is-required	rome	110	110	affirms	1	0	edge-0b490e4a3e7ab234	drv-abd0ad9a99daa8b4
repentance-is-required	smyrna	110	110	affirms	1	0	edge-58b4fc666c323f2f|edge-8bf256cbfe6d6cfc	drv-18453fef832e6e5e
rule-of-faith-received-from-apostles	ephesus	110	110	affirms	1	0	edge-e6bcad5a461eddaa	drv-50e1d4aab733ca71
rule-of-faith-received-from-apostles	philadelphia-asia	110	110	affirms	1	0	edge-9701a33db8315d4f	drv-530da30cdbe1d39c
rule-of-faith-received-from-apostles	rome	110	110	affirms	1	0	edge-38d78d2376a4cd05	drv-30d1d4ee87d91901
rule-of-faith-received-from-apostles	smyrna	110	110	affirms	1	0	edge-0d4c59ef890d9d72|edge-9ab3184da61551f9	drv-e5cba278a39824fd
threefold-ministry-required	ephesus	110	110	affirms	1	0	edge-d64b8bfef886a75b	drv-1d583da45369c93f
threefold-ministry-required	philadelphia-asia	110	110	affirms	1	0	edge-cc4a65857d3ba3e9	drv-f31902dbe57d5b86
threefold-ministry-required	rome	110	110	affirms	1	0	edge-71d4a92f9c270d9f	drv-e167539aa3c814af
threefold-ministry-required	smyrna	110	110	affirms	1	0	edge-39a9267030ef0b7d|edge-6946e133c4f89ece	drv-4c915ad1a861c918
christ-truly-suffered-and-died	philippi	110	120	affirms	1	0	edge-7bcc1ff684f7ba5b	drv-577e5dfa2a55af0d
christ-truly-suffered-and-died	smyrna	110	120	affirms	1	0	edge-3379a387bede3561	drv-4d814509c93c7f3d
apostolic-succession-transmits-faith	philippi	110	135	affirms	1	0	edge-b2c61fed92c570ec	drv-2803179739caebf2
apostolic-succession-transmits-faith	smyrna	110	135	affirms	1	0	edge-88d73e43b7c74ee7	drv-0b2eea4dcfa40e47
bodies-will-be-raised-at-last-day	philippi	110	135	affirms	1	0	edge-41701dc61f38415f	drv-a4090ecedea8d0eb
bodies-will-be-raised-at-last-day	smyrna	110	135	affirms	1	0	edge-67200bccc4fc1e8b	drv-6a0b48c6e512ffb6
christ-truly-became-flesh	philippi	110	135	affirms	1	0	edge-913319e9b1363974	drv-c021b466fc31d5cb
christ-truly-became-flesh	smyrna	110	135	affirms	1	0	edge-b0f9a3a144af87e5	drv-bd09cb7cc86b529b
eucharist-is-body-and-blood	philippi	110	135	affirms	1	0	edge-48f717d26853a30e	drv-cf8913be08fec18e
eucharist-is-body-and-blood	smyrna	110	135	affirms	1	0	edge-2cdb3c75c2a5a300	drv-f83de24cd2069e99
fasting-is-required	philippi	110	135	affirms	1	0	edge-3697c80e51127eb9	drv-1537267e4d6dbab3
fasting-is-required	smyrna	110	135	affirms	1	0	edge-85c9933a76c4d9b7	drv-78f1a54f68d28c95
final-judgment-is-coming	philippi	110	135	affirms	1	0	edge-5ba4084fb629230e	drv-7b3804b25d73642b
final-judgment-is-coming	smyrna	110	135	affirms	1	0	edge-692fcb58aeafa434	drv-ebe9955b16075516
jesus-born-of-virgin	philippi	110	135	affirms	1	0	edge-cc97ac9fb59632e0	drv-c8ea8c1e14f56d66
jesus-born-of-virgin	smyrna	110	135	affirms	1	0	edge-170c6621d07f0982	drv-eb9f28a4c0fa6761
logos-is-pre-existent-son-of-god	philippi	110	135	affirms	1	0	edge-f815a4bb3a52b275	drv-63b29fa15692756a
logos-is-pre-existent-son-of-god	smyrna	110	135	affirms	1	0	edge-224d2e43edc2e180	drv-9816deaa06771b37
martyrdom-witnesses-to-christ	philippi	110	135	affirms	1	0	edge-f6783791e89606ca	drv-e4ea5b27b62fd74b
martyrdom-witnesses-to-christ	smyrna	110	135	affirms	1	0	edge-2c197ad2f0665c22	drv-66a2e26bc102d763
old-testament-is-authoritative-scripture	philippi	110	135	affirms	1	0	edge-c4e53888279d8e98	drv-3d0dc9c4e519a4be
old-testament-is-authoritative-scripture	smyrna	110	135	affirms	1	0	edge-a890c8a0e0278ca9	drv-447b6e65f36f499e
repentance-is-required	philippi	110	135	affirms	1	0	edge-00d24a3f5fb20869	drv-bf4aa6a0d88412de
repentance-is-required	smyrna	110	135	affirms	1	0	edge-7a0dfc59c7e36c27	drv-0f27d51b267d7a78
rule-of-faith-received-from-apostles	philippi	110	135	affirms	1	0	edge-b55a8a3198014686	drv-2cf5ee8db61bff46
rule-of-faith-received-from-apostles	smyrna	110	135	affirms	1	0	edge-73ac1600c2d751d5	drv-26211d22d2dba0c4
threefold-ministry-required	philippi	110	135	affirms	1	0	edge-9e2be86ac0c9e58f	drv-af24984f34c05286
threefold-ministry-required	smyrna	110	135	affirms	1	0	edge-c1a50121a2228295	drv-e7218fa3c471b6b3
bodies-will-be-raised-at-last-day	alexandria	117	145	opposes	0	1	edge-5f379cbbd92ea058	drv-4d328d9827f41ecb
christ-truly-became-flesh	alexandria	117	145	opposes	0	1	edge-63cd5d58f90517f5	drv-31951e562fcc9556
christ-truly-suffered-and-died	alexandria	117	145	opposes	0	1	edge-b00277c112e6428d	drv-3567e2231c2241dc
jesus-born-of-virgin	alexandria	117	145	opposes	0	1	edge-ef6576a083bc486f	drv-bd43b5a985b74cd2
logos-is-pre-existent-son-of-god	alexandria	117	145	opposes	0	1	edge-de9b51baa535380f	drv-6f197d0c6af2d262
old-testament-is-authoritative-scripture	alexandria	117	145	opposes	0	1	edge-af16e3d008fa9a75	drv-08b4b33b4f402626
jesus-born-of-virgin	rome	125	130	affirms	1	0	edge-194bbc2b90cb9111	drv-a038f18ea1e74c32
logos-is-pre-existent-son-of-god	rome	125	130	affirms	1	0	edge-04930c4c7fc638e3	drv-0251b237f8a9f265
apostolic-succession-transmits-faith	pontus	130	160	opposes	0	1	edge-e5fe8c980e9fc06c	drv-300fd98f6606631d
apostolic-succession-transmits-faith	rome	130	160	opposes	0	1	edge-b6068e87ca11fff4	drv-2a09cf058b23eda4
apostolic-succession-transmits-faith	sinope	130	160	opposes	0	1	edge-80c29efb9a49fd3e	drv-2003fdf797410381
bodies-will-be-raised-at-last-day	pontus	130	160	opposes	0	1	edge-c583dd34fc6bdac3	drv-915838bada65e89c
bodies-will-be-raised-at-last-day	rome	130	160	opposes	0	1	edge-10ebefab43685ed6	drv-f9bfbc0f488d9278
bodies-will-be-raised-at-last-day	sinope	130	160	opposes	0	1	edge-23292ef5109b20bf	drv-9de1b2201f7c8529
christ-truly-suffered-and-died	pontus	130	160	opposes	0	1	edge-110b209c719c4496	drv-a74ad2fc52043e45
christ-truly-suffered-and-died	rome	130	160	opposes	0	1	edge-4c47b7501e7c132a	drv-a27e2aea514eb1dd
christ-truly-suffered-and-died	sinope	130	160	opposes	0	1	edge-2579c1267f48abcb	drv-89d4650a14438f1f
jesus-born-of-virgin	pontus	130	160	opposes	0	1	edge-fe497823fd81a67e	drv-5069cc58e7b068e2
jesus-born-of-virgin	rome	130	160	opposes	0	1	edge-9609d16f5cafb3d7	drv-d51ed50acfbc526d
jesus-born-of-virgin	sinope	130	160	opposes	0	1	edge-c98105cc087e85ff	drv-8fa2b16fd913f248
rule-of-faith-received-from-apostles	pontus	130	160	opposes	0	1	edge-b3fcbe117a660075	drv-e4dfd49e8e73bf46
rule-of-faith-received-from-apostles	rome	130	160	opposes	0	1	edge-9ba779562343d442	drv-9c27c7ce7c8bb6b5
rule-of-faith-received-from-apostles	sinope	130	160	opposes	0	1	edge-52a7103e475c9e24	drv-06d49566dbc1b52a
apostolic-succession-transmits-faith	alexandria	138	160	opposes	0	1	edge-5508e3131dcf7218	drv-a0223bf9492070e2
apostolic-succession-transmits-faith	rome	138	160	opposes	0	1	edge-10579e6cbb474a1b	drv-487d7ada626795a8
bodies-will-be-raised-at-last-day	alexandria	138	160	opposes	0	1	edge-c45b8d882237f5fd	drv-af4a2355f155c8db
bodies-will-be-raised-at-last-day	rome	138	160	opposes	0	1	edge-7c6f70c07cbbe7e8	drv-755b7208dcfd2875
christ-truly-became-flesh	alexandria	138	160	opposes	0	1	edge-f449f7299a019890	drv-42f0f58a32421ef5
christ-truly-became-flesh	rome	138	160	opposes	0	1	edge-10257b9d829c5d9e	drv-bc5ef68f5f6d7acc
christ-truly-suffered-and-died	alexandria	138	160	opposes	0	1	edge-c293c9d14bb6bc44	drv-17ebd693eb1ea3e1
christ-truly-suffered-and-died	rome	138	160	opposes	0	1	edge-13cefc76d621d8a5	drv-1ef28109c8c8edbd
old-testament-is-authoritative-scripture	alexandria	138	160	opposes	0	1	edge-86c843ab1ee36e8a	drv-23183c8367b38745
old-testament-is-authoritative-scripture	rome	138	160	opposes	0	1	edge-5473d3938dbb413c	drv-7fd74fac816c7934
rule-of-faith-received-from-apostles	alexandria	138	160	opposes	0	1	edge-240e549172393884	drv-26daa5cfb5eeb6b2
rule-of-faith-received-from-apostles	rome	138	160	opposes	0	1	edge-77f51006e3b19ba4	drv-fe526fa02577058d
old-testament-is-authoritative-scripture	rome	140	144	opposes	0	1	edge-bf723840e4a9b835	drv-eab6667d6e3f9ccc
fasting-is-required	ephesus	150	165	affirms	1	0	edge-60c569de728c1df8	drv-0efc4c5ae447568b
fasting-is-required	flavia-neapolis	150	165	affirms	1	0	edge-51f67a2f95b6ec32	drv-7c0598439477defa
fasting-is-required	rome	150	165	affirms	1	0	edge-b7b4420296627d18	drv-c337222e5a38b518
apostolic-succession-transmits-faith	rome	155	155	affirms	1	0	edge-86ecd753f44385ec	drv-b62bc5dbdecad328
baptism-administered-in-trinitarian-name	rome	155	155	affirms	1	0	edge-3ded9ceef3cfa155	drv-2d67b60ffa585217
baptism-effects-regeneration	rome	155	155	affirms	1	0	edge-2ae8678f279faee0	drv-24e8775d7db3405c
baptism-with-water-commanded	rome	155	155	affirms	1	0	edge-d354f00bcfc335aa	drv-c796847782ccaf7c
baptismal-anointing-with-oil	rome	155	155	affirms	1	0	edge-55e19d19fa927685	drv-58d9be7830a27cb1
bishop-succession-guarantees-apostolic-faith	rome	155	155	affirms	1	0	edge-066b9881fcd34580	drv-ff10112718bce34f
bodies-will-be-raised-at-last-day	rome	155	155	affirms	1	0	edge-3d708d9b1eef3a2a	drv-ce00dc22156c5f1a
catechumenate-precedes-baptism	rome	155	155	affirms	1	0	edge-e97762dd11d55c76	drv-6c7b24567590dacd
christ-truly-became-flesh	rome	155	155	affirms	1	0	edge-ba9ce143ee7dafa6	drv-d4c673e0c1996d36
eucharist-fulfills-malachi-pure-offering	rome	155	155	affirms	1	0	edge-f1c30940b435590e	drv-d35d3cd1a39e741d
eucharist-is-body-and-blood	rome	155	155	affirms	1	0	edge-29086d7ac119dc72	drv-e9ee5dbc0a7e3d59
eucharist-is-sacrifice	rome	155	155	affirms	1	0	edge-83f7b254be3efcc8	drv-797996ec3e4d79e0
eucharist-offered-on-sunday	rome	155	155	affirms	1	0	edge-8df43e41011dc88a	drv-d20572625e30f4e5
jesus-born-of-virgin	rome	155	155	affirms	1	0	edge-2eecd0fb1bf7295e	drv-b323e09f171c4e54
logos-is-pre-existent-son-of-god	rome	155	155	affirms	1	0	edge-a1fb33293c9f0a96	drv-ce124bdef93bc0fe
rule-of-faith-received-from-apostles	rome	155	155	affirms	1	0	edge-775b2c68dd396ca6	drv-62b841d136e927d3
apostolic-succession-transmits-faith	rome	155	160	affirms	1	0	edge-3c6080a56c65448b	drv-320512a83dc7428c
baptism-effects-regeneration	rome	155	160	affirms	1	0	edge-c520d363306c8efd	drv-4e7ef8f33345cc9c
bodies-will-be-raised-at-last-day	rome	155	160	affirms	1	0	edge-672ab8b6a85fd665	drv-a4e9d83601588c40
catechumenate-precedes-baptism	rome	155	160	affirms	1	0	edge-2b4e6eb63c8c15e8	drv-53e131664ca6e63c
christ-truly-became-flesh	rome	155	160	affirms	1	0	edge-0f0802e8bce4a0fc	drv-3a10108b996a444f
eucharist-fulfills-malachi-pure-offering	rome	155	160	affirms	1	0	edge-f460df185375880a	drv-155dd8ed9d726754
eucharist-is-body-and-blood	rome	155	160	affirms	1	0	edge-c1743e64a70757c1	drv-5021e07a16950d98
eucharist-is-sacrifice	rome	155	160	affirms	1	0	edge-11ca2aa30e226c69	drv-5e1526cfb45ad903
eucharist-is-sacrifice	smyrna	155	160	affirms	1	0	edge-b6ab260fdc03ece0	drv-438fe11fb30ef1d6
fasting-is-required	rome	155	160	affirms	1	0	edge-338f58946ea2964f	drv-1e53cc571e80876c
jesus-born-of-virgin	rome	155	160	affirms	1	0	edge-42dc9257cba80247	drv-178472799e3e22a4
logos-is-pre-existent-son-of-god	rome	155	160	affirms	1	0	edge-4d9bc29c48192032	drv-59b660bcb12db0e2
martyrdom-witnesses-to-christ	smyrna	155	160	affirms	1	0	edge-28888c073ab4e041	drv-46073557df30263b
martyrs-relics-honored	smyrna	155	160	affirms	1	0	edge-a32eccb4026a736f	drv-5b042b44ecdb01bc
rule-of-faith-received-from-apostles	rome	155	160	affirms	1	0	edge-15929ce7bca87114	drv-b4aecd71466e1760
bodies-will-be-raised-at-last-day	rome	155	165	affirms	1	0	edge-60cd07d7d9484413	drv-cfe0cdcbde92fcff
christ-truly-became-flesh	rome	155	165	affirms	1	0	edge-e4e5831abf78dbe5	drv-3509bfd8f131df14
logos-is-pre-existent-son-of-god	rome	155	165	affirms	1	0	edge-3cfce027a8e42560	drv-2d7c06e6abc9f864
martyrdom-witnesses-to-christ	ephesus	155	165	affirms	1	0	edge-c17215639b9cacfe	drv-ab60d1d49c1fdf51
martyrdom-witnesses-to-christ	flavia-neapolis	155	165	affirms	1	0	edge-f4bae3d14b642622	drv-c1de38b7393e3d7f
martyrdom-witnesses-to-christ	rome	155	165	affirms	1	0	edge-b9309a4f266faa13	drv-1a40a3d7d025778d
old-testament-is-authoritative-scripture	rome	155	165	affirms	2	0	edge-64168c90b3c2f0b3|edge-f4b29e005de02766	drv-e188aa6aeb648b10
prophetic-gifts-continue-after-apostles	phrygia	155	179	affirms	1	0	edge-1dbfd1b747566168	drv-996e04fc9a7325e0
apostolic-succession-transmits-faith	antioch	155	180	affirms	1	0	edge-9f39c4f2b9562f08	drv-6117f8d1682e3ae3
apostolic-succession-transmits-faith	corinth	155	180	affirms	1	0	edge-58057360fbcb43d9	drv-f5856bb5df0c5f4a
apostolic-succession-transmits-faith	jerusalem	155	180	affirms	1	0	edge-616a10c5b017c44d	drv-0b2c2f7bad961f7b
apostolic-succession-transmits-faith	phrygia	155	180	opposes	0	1	edge-d8bfb10f95c9b768	drv-318f63bf700ff99a
apostolic-succession-transmits-faith	rome	155	180	affirms	1	0	edge-ef1969dbe9f37414	drv-d949b6593e00a451
christ-truly-suffered-and-died	sardis	155	180	affirms	1	0	edge-11cfe183e4a3aa40	drv-ba204b6a581e92a2
old-testament-is-authoritative-scripture	sardis	155	180	affirms	1	0	edge-4a328ccadab6cac7	drv-f97e8417ff14c11c
prophetic-gifts-continue-after-apostles	phrygia	155	180	affirms	1	0	edge-3f48121037d58b7f	drv-89858891371de6ea
rule-of-faith-received-from-apostles	antioch	155	180	affirms	1	0	edge-e096de9e92999ced	drv-41e635621ef27667
rule-of-faith-received-from-apostles	corinth	155	180	affirms	1	0	edge-e561b1e22543ebe7	drv-753d59b657c0dcb6
rule-of-faith-received-from-apostles	jerusalem	155	180	affirms	1	0	edge-944d50f5632c2fd0	drv-4ca1f2275cffd70a
rule-of-faith-received-from-apostles	rome	155	180	affirms	1	0	edge-e66dac82ca86dbf5	drv-e5b521d7eea8a62a
bodies-will-be-raised-at-last-day	sardis	160	170	affirms	1	0	edge-79fac3e07eabf30b	drv-f053fd78d50403f7
christ-truly-became-flesh	sardis	160	170	affirms	1	0	edge-df174bfd17666253	drv-29c4901d6863e308
christ-truly-suffered-and-died	sardis	160	170	affirms	1	0	edge-e6381b41db0977ba	drv-a8fc65e877a564f2
eucharist-is-body-and-blood	sardis	160	170	affirms	1	0	edge-0117b57b5bd10bf1	drv-349d942c4fadcd05
jesus-born-of-virgin	sardis	160	170	affirms	1	0	edge-aebf37bb1c48942a	drv-3e5ff1632343b591
logos-is-pre-existent-son-of-god	sardis	160	170	affirms	1	0	edge-dab1156315b9866c	drv-a9f3ab3248f8a913
martyrdom-witnesses-to-christ	sardis	160	170	affirms	1	0	edge-4a4d5c0386c46785	drv-2aeace56c647d71a
old-testament-is-authoritative-scripture	sardis	160	170	affirms	1	0	edge-2ee11e5fb32ab79b	drv-d7f15ccdd174c2df
encratism-is-required	antioch	165	180	affirms	1	0	edge-f61b93c6f0fb03db	drv-58ffc762d78c20c0
encratism-is-required	edessa	165	180	affirms	1	0	edge-085148b2d8082786	drv-e6d4a9aba030021a
encratism-is-required	rome	165	180	affirms	1	0	edge-6bf609469a8aed66	drv-b103fcdf0f0d7f76
apostolic-succession-transmits-faith	corinth	166	174	affirms	1	0	edge-cfd872ce5bf950d1	drv-768e75160c809641
rule-of-faith-received-from-apostles	corinth	166	174	affirms	1	0	edge-bbcea1deb5697eab	drv-2112418ee3f0a127
encratism-is-required	edessa	170	170	neutral	0	0	edge-6bbd3198645d2764	drv-d86e115d7e4c27cd
gospel-harmony-is-authoritative	edessa	170	170	affirms	1	0	edge-93205c75f29b3238	drv-367f02fcb29504dc
gospel-harmony-is-authoritative	antioch	170	180	affirms	1	0	edge-f2f41f87f6d09fe9	drv-7c8458391a8a826f
gospel-harmony-is-authoritative	edessa	170	180	affirms	1	0	edge-36302f4e1f6e448e	drv-552c91de2d64083e
gospel-harmony-is-authoritative	rome	170	180	affirms	1	0	edge-c7459280ce12de24	drv-9047d579dfc6573d
rule-of-faith-received-from-apostles	ephesus	170	196	affirms	1	0	edge-5d1733b6a7180825	drv-5b4e7f30cffe225f
bodies-will-be-raised-at-last-day	athens	177	177	affirms	1	0	edge-1d849d7bb700416e	drv-35acb94a571a926f
bodies-will-be-raised-at-last-day	rome	177	177	affirms	1	0	edge-6fb64aa9acb05548	drv-fe18d03b2c017e3d
christ-truly-became-flesh	athens	177	177	affirms	1	0	edge-14451ea6f4e4cd2b	drv-73034e69f4a2f99a
christ-truly-became-flesh	rome	177	177	affirms	1	0	edge-d22576cfe2353137	drv-ca9f1e0c7a0762a8
fasting-is-required	athens	177	177	affirms	1	0	edge-105a69ee20684973	drv-0d32395e8746d1b4
fasting-is-required	rome	177	177	affirms	1	0	edge-d88a5171eedfd1c9	drv-7e550b29fca35793
jesus-born-of-virgin	athens	177	177	affirms	1	0	edge-138f34ed5ff308cb	drv-6c976840086e9376
jesus-born-of-virgin	rome	177	177	affirms	1	0	edge-0c9e2c32eee4a110	drv-8091db93cca7b7a7
logos-is-pre-existent-son-of-god	athens	177	177	affirms	1	0	edge-e59b57c301073ad5	drv-4764eb36fe860508
logos-is-pre-existent-son-of-god	rome	177	177	affirms	1	0	edge-c03c70033c5c3cef	drv-c3581d52d8611111
christ-truly-suffered-and-died	lyons	177	185	affirms	1	0	edge-5a6b0422bd773715	drv-a09550c66cd6be09
old-testament-is-authoritative-scripture	lyons	177	185	affirms	1	0	edge-8c0fc7820b529f31	drv-dfaa4be4a8ac5c75
bodies-will-be-raised-at-last-day	antioch	178	183	affirms	1	0	edge-5439e00066a8bde2	drv-58d4dc1619cc746c
christ-truly-became-flesh	antioch	178	183	affirms	1	0	edge-3276ccf9c4ffbd49	drv-80adfd9a1527cf0f
logos-is-pre-existent-son-of-god	antioch	178	183	affirms	1	0	edge-d8075a3697fc2ad7	drv-1fc7b8b7a5438f1c
trinity-is-three-persons-one-substance	antioch	178	183	affirms	1	0	edge-1085d6463acc6e12	drv-d00853b008bfb7ed
apostolic-succession-transmits-faith	lyons	180	185	affirms	1	0	edge-82a952aeb27f5235	drv-dd15ed2d4d00829d
baptism-administered-in-trinitarian-name	lyons	180	185	affirms	1	0	edge-5dc8c65cb9662af4	drv-e71d8d18def69a00
baptism-effects-regeneration	lyons	180	185	affirms	1	0	edge-8b785c8c71762a73	drv-e5af4abbaaeb0afd
baptismal-anointing-with-oil	lyons	180	185	affirms	1	0	edge-d430f4272322b4a5	drv-41ae2727f7dc9f02
bartholomew-preached-in-india	alexandria	180	185	affirms	1	0	edge-94ed2b9156660654	drv-207a3bb090b035e9
bartholomew-preached-in-india	india-malabar	180	185	affirms	1	0	edge-114f885908f4f825	drv-e30a0a1293ae04a0
bishop-succession-guarantees-apostolic-faith	lyons	180	185	affirms	1	0	edge-b9a434431214405e	drv-2998f28d82f9c4ae
bodies-will-be-raised-at-last-day	lyons	180	185	affirms	1	0	edge-80b6a36ff1a80925	drv-90ca164377ba1d89
catechumenate-precedes-baptism	lyons	180	185	affirms	1	0	edge-24cc1783b8a5bc55	drv-2d6c00f99e1b7e13
christ-truly-became-flesh	lyons	180	185	affirms	1	0	edge-19b20d0f9190334b	drv-aa397d61a8b0a5c4
christians-must-not-serve-in-military	lyons	180	185	affirms	1	0	edge-466b7b2c176956c8	drv-ffcf3396c0998c61
eucharist-fulfills-malachi-pure-offering	lyons	180	185	affirms	1	0	edge-8908495079b76081	drv-3ebb443f53f75ac2
eucharist-is-body-and-blood	lyons	180	185	affirms	1	0	edge-a50efdbf5b66627a	drv-d14fba6b6b81a019
eucharist-is-sacrifice	lyons	180	185	affirms	1	0	edge-8ef57da9080fa956	drv-712c983322f4b012
eucharist-offered-on-sunday	lyons	180	185	affirms	1	0	edge-57ebed8a964d02a2	drv-81c929ab8a27c645
fasting-is-required	lyons	180	185	affirms	1	0	edge-d1547680bbcc94ad	drv-372902eca43303b1
frequent-eucharistic-assembly	lyons	180	185	affirms	1	0	edge-af78a2e01a68b24d	drv-8cdb4a8f7c0480f2
gospel-reached-india	alexandria	180	185	affirms	1	0	edge-4edd1df091f08279	drv-0d14f53619b4dbe2
gospel-reached-india	india-malabar	180	185	affirms	1	0	edge-b7a4ae717e77cb5b	drv-b04663c28d405c22
infants-and-children-are-baptized	lyons	180	185	affirms	1	0	edge-e9e1bb9b8c0f0309	drv-e93d21cfa014971e
jesus-born-of-virgin	lyons	180	185	affirms	1	0	edge-61ba81856c0eb1e2	drv-b8dac0a6175c7aeb
logos-is-pre-existent-son-of-god	lyons	180	185	affirms	1	0	edge-8131e30acedea17f	drv-d5e6859d43b0432d
martyrdom-witnesses-to-christ	lyons	180	185	affirms	1	0	edge-42819eca62ae7386	drv-887ecf2734fc97cd
ordination-conferred-by-laying-on-of-hands	lyons	180	185	affirms	1	0	edge-3df91583852f6347	drv-a3c60eca4d60749b
post-baptismal-sin-forgiven-by-penance	lyons	180	185	affirms	1	0	edge-139b1de07525a07e	drv-e8b2bb41047ff7c6
prayer-is-offered-without-ceasing	lyons	180	185	affirms	1	0	edge-f41d3c52e85e94ab	drv-c982c9370d6c1ab5
rule-of-faith-received-from-apostles	lyons	180	185	affirms	1	0	edge-96aadaba57c63d40	drv-f22912bf87989032
apostolic-succession-transmits-faith	rome	189	199	affirms	1	0	edge-b429cf3c7617c7db	drv-6ac6a2e5e11eda54
bishop-succession-guarantees-apostolic-faith	rome	189	199	affirms	1	0	edge-eb1ed23c65021037	drv-3f60651eab0ad1de
christ-truly-became-flesh	alexandria	190	202	affirms	1	0	edge-57d5031dd0c1392e	drv-9b11091074f099bb
christ-truly-became-flesh	athens	190	202	affirms	1	0	edge-580dbee1b9c237cc	drv-ee360f8a562c9451
old-testament-is-authoritative-scripture	alexandria	190	202	affirms	1	0	edge-2e25623c40943f73	drv-52ad0335c007e613
old-testament-is-authoritative-scripture	athens	190	202	affirms	1	0	edge-a9583af8b1642c9b	drv-8942df717045f837
christ-truly-became-flesh	edessa	190	222	affirms	1	0	edge-5ab58674ae0c0079|edge-f858cf2030d43db9	drv-450d02545ecaa8b7
baptism-effects-regeneration	alexandria	195	195	affirms	1	0	edge-26c8a79482c146d6	drv-4f9129e521772e41
christ-truly-became-flesh	alexandria	195	195	affirms	1	0	edge-84561fc2b5ef45e8	drv-c435550b3b70a7d4
logos-is-pre-existent-son-of-god	alexandria	195	195	affirms	1	0	edge-5e6e6b5315f7f621	drv-d19416c2c77dc0c2
almsgiving-is-required	alexandria	195	215	affirms	1	0	edge-de3d094408801e73	drv-4a9d3d301964a652
post-baptismal-sin-forgiven-by-penance	alexandria	195	215	affirms	1	0	edge-e2e2fc0baf2a0662	drv-b3cb469160732002
apostolic-succession-transmits-faith	carthage	195	220	affirms	1	0	edge-b6e5f8d49792092a|edge-eb063a3cb7d9d3dd	drv-5d8b8b1fee615273
apostolic-succession-transmits-faith	rome	195	220	affirms	1	0	edge-cabfbff8d1251ac4	drv-fe2cf28c8e39ec73
catechumenate-precedes-baptism	carthage	195	220	affirms	1	0	edge-60fed8805026535b|edge-72a3e8650f53847c	drv-ec909639b2a4bfd7
catechumenate-precedes-baptism	rome	195	220	affirms	1	0	edge-68176bdfd6b3c8d6	drv-2d9b79fccb2f80cf
eucharist-is-sacrifice	carthage	195	220	affirms	1	0	edge-6e32ba0dba52d43e|edge-744b5199114b0e35	drv-e822d9f640d038d7
eucharist-is-sacrifice	rome	195	220	affirms	1	0	edge-ada9deebb9390941	drv-a1a2d48e51f660b7
fasting-is-required	carthage	195	220	affirms	1	0	edge-6bf7074c55a691c6|edge-a90806a4125c9214	drv-efd0e8cc5ace10a8
fasting-is-required	rome	195	220	affirms	1	0	edge-242a2e147260918f	drv-e2378b9eb4e0211b
threefold-ministry-required	carthage	195	220	affirms	1	0	edge-605d23addb331a57|edge-8fa47265ab94c105	drv-a3a1070f3b0ebbec
threefold-ministry-required	rome	195	220	affirms	1	0	edge-aedacd18208311a6	drv-c203f22b4d0348fc
free-will-grounds-moral-responsibility	edessa	196	196	affirms	1	0	edge-f2af3429908978f9	drv-f6958cae14272e8f
martyrdom-witnesses-to-christ	carthage	197	197	affirms	1	0	edge-061b47d3bbc08137	drv-e2b031b1f55387f2
christians-avoid-public-spectacles	carthage	197	202	affirms	1	0	edge-a68401deb6138ac2	drv-a1d1f1f3e049dc34
baptism-effects-regeneration	alexandria	198	198	affirms	1	0	edge-9c1880c2636f05dd	drv-874b1cd93e49e681
baptism-is-illumination	alexandria	198	198	affirms	1	0	edge-d66e45ad5150a913	drv-621fd85eb30177af
baptismal-anointing-with-oil	alexandria	198	198	affirms	1	0	edge-eef5517968ee40bd	drv-d6be7154da2761a9
catechumenate-precedes-baptism	alexandria	198	198	affirms	1	0	edge-7615cf04985997ca	drv-af65dacc19ca6daf
christ-truly-became-flesh	alexandria	198	198	affirms	1	0	edge-ea21b06201839829	drv-fdfdefc2e13e172c
christians-avoid-public-spectacles	alexandria	198	198	affirms	1	0	edge-88346e7876dbe7de	drv-468152e35109898c
eucharist-is-body-and-blood	alexandria	198	198	affirms	1	0	edge-d61d95f6874b1649	drv-9f230b3ff5b32355
fasting-is-required	alexandria	198	198	affirms	1	0	edge-c0d5d427902df2d9	drv-5903db1cfd367d7f
virginity-is-honored-calling	alexandria	198	198	affirms	1	0	edge-66b468fe30db9754	drv-becd2465b26b71c8
baptism-administered-in-trinitarian-name	carthage	198	200	affirms	1	0	edge-e5185994270c56a1	drv-ca9d9e785976302d
baptism-effects-regeneration	carthage	198	200	affirms	1	0	edge-833907366d472959	drv-428b63839b6cbf02
baptismal-anointing-with-oil	carthage	198	200	affirms	1	0	edge-f29c54802c82b56c	drv-ed03aaf28ccdff37
catechumenate-precedes-baptism	carthage	198	200	affirms	1	0	edge-d3c2c9312fcb9d00	drv-021a451edfb6fb5e
infants-and-children-are-baptized	carthage	198	200	opposes	0	1	edge-97d47fe9bab1c357	drv-8f15738659e80697
post-baptismal-sin-forgiven-by-penance	carthage	198	200	affirms	1	0	edge-05d2f6ffa1d49dec	drv-f5c57eb38ca8d41b
apostolic-succession-transmits-faith	alexandria	198	203	affirms	1	0	edge-ffdf023f00131f17	drv-c4e8dce30508e918
christ-truly-became-flesh	alexandria	198	203	affirms	1	0	edge-63bc6cb6220ac9a6	drv-348046e01fe3e55f
fasting-is-required	alexandria	198	203	affirms	1	0	edge-09969235f26aff7a	drv-7e75468125f71aea
greek-philosophy-prepared-gentiles-for-gospel	alexandria	198	203	affirms	1	0	edge-92575cc7d03262ac	drv-b806a769c1deab90
logos-is-pre-existent-son-of-god	alexandria	198	203	affirms	1	0	edge-989cbe8e769b6e75	drv-c9167a02c28110ba
prayer-is-offered-without-ceasing	alexandria	198	203	affirms	1	0	edge-01a0f5eb1f8c8d57	drv-2916473643e8e74c
rule-of-faith-received-from-apostles	alexandria	198	203	affirms	1	0	edge-2fc7346a5bc7ca5b	drv-777321cf16b45e7f
virginity-is-honored-calling	alexandria	198	203	affirms	1	0	edge-825a6f61eceb8ee8	drv-bb7e63c9e8f783c7
bishop-succession-guarantees-apostolic-faith	carthage	200	200	affirms	1	0	edge-cf1da23e155cb4d2	drv-f1d2e23b79b08324
bodies-will-be-raised-at-last-day	rome	200	200	affirms	1	0	edge-11b0acbd92e7cb35	drv-7747c002584e9fea
christ-truly-became-flesh	carthage	200	200	affirms	1	0	edge-b6e9fdd42766abdc	drv-d529217ffdeda006
christ-truly-became-flesh	rome	200	200	affirms	1	0	edge-8606156ea06a4bd7	drv-e35e7c3bdfd62996
final-judgment-is-coming	rome	200	200	affirms	1	0	edge-c79bfac5c97d588c	drv-1227761cb9f2cbfa
old-testament-is-authoritative-scripture	rome	200	200	affirms	1	0	edge-92e3186a626153ea	drv-3522f8f87850da8a
rule-of-faith-received-from-apostles	carthage	200	200	affirms	1	0	edge-aaeaf62906e61ea4	drv-85b7667447b3ae0c
christ-dominion-is-universal	carthage	200	208	affirms	1	0	edge-80d81b3f3fd119d6|edge-fb67d08d51252e76	drv-b1a7183cdd074208
christianity-established-in-arabia	carthage	200	208	neutral	0	0	edge-ca2310c9e90304c9	drv-3d1a4fac2a292b9c
christianity-established-in-ethiopia	carthage	200	208	neutral	0	0	edge-8179677eea4a5ac9	drv-2ec688be82844150
christianity-reached-britannia	carthage	200	208	affirms	1	0	edge-93786f8235ec6103	drv-ac98509fffe0aea2
gospel-reached-india	carthage	200	208	neutral	0	0	edge-e6ba17e3e819320b	drv-0a0eb3771a1dadc0
bodies-will-be-raised-at-last-day	rome	200	210	affirms	1	0	edge-3e5a686beb48fcf9	drv-28353ab893f410bb
christ-truly-became-flesh	rome	200	210	affirms	1	0	edge-0cf96fa2ba18b342	drv-b20cbe8cee77f525
christ-truly-suffered-and-died	rome	200	210	affirms	1	0	edge-e08a64ea6776dee7	drv-f9d03008ac1796aa
logos-is-pre-existent-son-of-god	rome	200	210	affirms	1	0	edge-c72f9b66bf6bf3bf	drv-7426c17a255362cd
old-testament-is-authoritative-scripture	rome	200	210	affirms	1	0	edge-5ff148aecd79f6c3	drv-e0a4be945f10c94e
trinity-is-three-persons-one-substance	rome	200	210	affirms	1	0	edge-1cdd509b0cbd8fab	drv-df01d1dd895a9830
trinity-is-three-persons-one-substance	carthage	200	220	affirms	1	0	edge-190ece22249a4866|edge-602a9f6d260cf5d9	drv-443e2bb3ce5262e1
trinity-is-three-persons-one-substance	rome	200	220	affirms	1	0	edge-691003e1abe1e8a5	drv-ec0642deaf182f77
bodies-will-be-raised-at-last-day	rome	204	204	affirms	1	0	edge-c471d05210341dba	drv-5bd5b70565f6f171
christ-truly-became-flesh	rome	204	204	affirms	1	0	edge-202b381456419d5c	drv-74541d806a869b32
final-judgment-is-coming	rome	204	204	affirms	1	0	edge-35d9b3cd2967670c	drv-762af881fe1c10a4
bodies-will-be-raised-at-last-day	carthage	206	212	affirms	1	0	edge-7d2ea56f77841aa7	drv-8d76663f3bd4f8ea
christ-truly-became-flesh	carthage	206	212	affirms	1	0	edge-39fe009658d0089e	drv-efdbb59a3825822d
jesus-born-of-virgin	carthage	206	212	affirms	1	0	edge-fb2e2c9fae8139c9	drv-5bd098142d1b5813
bodies-will-be-raised-at-last-day	carthage	207	208	affirms	1	0	edge-f206bca59daaaf26	drv-bb31c38be1c75b63
christ-truly-became-flesh	carthage	207	208	affirms	1	0	edge-a9496914b08e7a4a	drv-cb62eb2cd30b49ae
christ-truly-suffered-and-died	carthage	207	208	affirms	1	0	edge-a1faada32538ce70	drv-76cdeb80bd2ac3c0
eucharist-is-body-and-blood	carthage	207	208	affirms	1	0	edge-7f2b2d9e36525f46	drv-94199b3384b0a924
jesus-born-of-virgin	carthage	207	208	affirms	1	0	edge-1a432a28102fa938	drv-e13f411f239044bb
old-testament-is-authoritative-scripture	carthage	207	208	affirms	1	0	edge-bd88c8e6e30aae82	drv-ea7cd1056012e3ca
christians-must-not-serve-in-military	carthage	211	211	affirms	1	0	edge-07a2df7dafbd478b	drv-5f21fb7f65612184
logos-is-pre-existent-son-of-god	carthage	213	213	affirms	1	0	edge-176d5a60a447d120	drv-2f617c372b2c89b3
rule-of-faith-received-from-apostles	carthage	213	213	affirms	1	0	edge-641d00bd1b40c96f	drv-71609370741158cf
trinity-is-three-persons-one-substance	carthage	213	213	affirms	1	0	edge-cb5e73731f1f23c0	drv-522a8a27a484f22e
apostolic-succession-transmits-faith	rome	215	215	affirms	1	0	edge-2c9b97275e723312	drv-b93271d3d1faeb39
baptism-administered-in-trinitarian-name	rome	215	215	affirms	1	0	edge-26a440f3f0f1ca55	drv-df9cfce16de16fbe
baptism-effects-regeneration	rome	215	215	affirms	1	0	edge-19c98b41a3e43bb5	drv-f6a9ccf168b3cc45
baptism-with-water-commanded	rome	215	215	affirms	1	0	edge-6f5b625ce2a1a734	drv-1cbe1cfe57417ffc
baptismal-anointing-with-oil	rome	215	215	affirms	1	0	edge-e4c0e911e7e817fc	drv-2be87a95e036915f
bishop-authority-over-eucharist	rome	215	215	affirms	1	0	edge-0ee64810b1134c29	drv-67240962e0a865b9
bishops-govern-local-church	rome	215	215	affirms	1	0	edge-897a18cfbf24e69c	drv-33fe9d578bcc6c99
catechumenate-precedes-baptism	rome	215	215	affirms	1	0	edge-c800de2922aca020	drv-e4186694edfbd8f3
christ-truly-became-flesh	rome	215	215	affirms	1	0	edge-a91eea29a42c1d14	drv-8414eb9a660961c4
christians-must-not-serve-in-military	rome	215	215	affirms	1	0	edge-07070fc3a4fb577c	drv-1f4e3b37fcbb4154
eucharist-is-body-and-blood	rome	215	215	affirms	1	0	edge-d1f9d7bf3cae7f33	drv-26b2d01ca5c3602d
eucharist-is-sacrifice	rome	215	215	affirms	1	0	edge-65217d10319ce3a7	drv-cb324d20d45a1007
eucharist-offered-on-sunday	rome	215	215	affirms	1	0	edge-dc8bb6da9f994789	drv-fb3b1db9321c6476
fasting-is-required	rome	215	215	affirms	1	0	edge-28382312a2e89cf4	drv-86c04a0837b1d56f
frequent-eucharistic-assembly	rome	215	215	affirms	1	0	edge-cd5d58c7a44e46de	drv-c13490542ca61202
infants-and-children-are-baptized	rome	215	215	affirms	1	0	edge-a9808c7b1e73195b	drv-938d8c4b98815a3d
jesus-born-of-virgin	rome	215	215	affirms	1	0	edge-a323d6de1ebcb916	drv-cbd9a3e494aa97b3
ordination-conferred-by-laying-on-of-hands	rome	215	215	affirms	1	0	edge-94dbc44cbdcff798	drv-a80e3f5b822c890a
prayer-is-offered-without-ceasing	rome	215	215	affirms	1	0	edge-c2baf866cf882868	drv-8ec76d24cb0a6063
rule-of-faith-received-from-apostles	rome	215	215	affirms	1	0	edge-daee6e2ca7aabec3	drv-ffa95b0d58d089dc
threefold-ministry-required	rome	215	215	affirms	1	0	edge-50da3bb33bcdb6e8	drv-ec6679eea75a756a
virginity-is-honored-calling	rome	215	215	affirms	1	0	edge-d0f97deb4f676be1	drv-ef2200557ce2ec37
post-baptismal-sin-forgiven-by-penance	rome	217	222	affirms	1	0	edge-1d26d9693a67f826	drv-a3660886628c3beb
allegorical-interpretation-of-scripture	alexandria	220	230	affirms	1	0	edge-6d895178f426c068	drv-512e616c788b7b70
apostolic-succession-transmits-faith	alexandria	220	230	affirms	1	0	edge-c9b0ae6a3c53b09f	drv-c284ef63955e9de5
baptism-effects-regeneration	alexandria	220	230	affirms	1	0	edge-f4e449ead859b3f4	drv-9826de41e7038a5b
bodies-will-be-raised-at-last-day	alexandria	220	230	affirms	1	0	edge-85e5cd84716afe3f	drv-527a9315f31d175e
catechumenate-precedes-baptism	alexandria	220	230	affirms	1	0	edge-078c3baf42de6e3b	drv-dc5765076292ed50
christ-truly-became-flesh	alexandria	220	230	affirms	1	0	edge-e4882c7df51c0606	drv-150689d992d10b37
final-judgment-is-coming	alexandria	220	230	affirms	1	0	edge-710902b0d351c303	drv-a88ef8d349e740f2
free-will-grounds-moral-responsibility	alexandria	220	230	affirms	1	0	edge-1b36a63a02802de6	drv-aa39ee77c2cd0f31
jesus-born-of-virgin	alexandria	220	230	affirms	1	0	edge-caaa14f60151313c	drv-d1e2073c2cb83d40
logos-is-pre-existent-son-of-god	alexandria	220	230	affirms	2	0	edge-07cdc70a8ee9789d|edge-5b598fc2a04bddad	drv-7b8fc610116e9064
old-testament-is-authoritative-scripture	alexandria	220	230	affirms	1	0	edge-a78d340065b4fee6	drv-803c57338f92d0b4
perpetual-virginity-of-mary	alexandria	220	230	affirms	1	0	edge-4f97c8bd751240c1	drv-a875fce225f601d5
prayer-is-offered-without-ceasing	alexandria	220	230	affirms	1	0	edge-22041f8a85af5527	drv-f351ffe4e267f598
pre-existence-of-souls	alexandria	220	230	affirms	1	0	edge-50a50837d55eb8b6	drv-2c779b2c63256a7a
rule-of-faith-received-from-apostles	alexandria	220	230	affirms	1	0	edge-78b74f25cea0fad4	drv-b3a78549ff0a453a
son-is-eternally-generated	alexandria	220	230	affirms	1	0	edge-0cd03de9fde0630f	drv-47740e4015158a53
trinity-is-three-persons-one-substance	alexandria	220	230	affirms	1	0	edge-87d2b5bf3ca47d9e	drv-62d92057bffd5ebb
universal-restoration-of-all	alexandria	220	230	affirms	1	0	edge-d8242d59bf085243	drv-b450b11b7ca46daa
ascetic-covenant-is-normative	edessa	220	240	affirms	1	0	edge-b72edc0dbe6cedb0	drv-1287c6b5d14a3a6b
baptism-effects-regeneration	edessa	220	240	affirms	1	0	edge-cbd27dc3772c6d41	drv-5c228b5af1b4a995
baptism-with-water-commanded	edessa	220	240	affirms	1	0	edge-c57b1e8b07b8f8fa	drv-4bff190de9292888
baptismal-anointing-with-oil	edessa	220	240	affirms	1	0	edge-b7b71d77a41d850b	drv-1b778d6189218f67
christ-truly-became-flesh	edessa	220	240	neutral	0	0	edge-449efcfd414e58bb	drv-bf3c57b917b8a8b1
encratism-is-required	edessa	220	240	affirms	1	0	edge-6429511f393a47c0	drv-3dfba0d2da489905
eucharist-is-body-and-blood	edessa	220	240	neutral	0	0	edge-c1a9e8ca659053bc	drv-7c8f6dfd335b8bb5
fasting-is-required	edessa	220	240	affirms	1	0	edge-8a00d8422d4b2a2d	drv-cac726d70b56b438
prayer-is-offered-without-ceasing	edessa	220	240	affirms	1	0	edge-9091e2dd0dddc7bc	drv-3b390963205fac10
repentance-is-required	edessa	220	240	affirms	1	0	edge-865bbd4f2cc58473	drv-71ebcec946d56cde
second-marriage-is-forbidden	edessa	220	240	affirms	1	0	edge-f0c03365b7bc649f	drv-ab47d95f0835f822
virginity-is-honored-calling	edessa	220	240	affirms	1	0	edge-4f35d7c9738dc4b2	drv-614dd59c4df05964
allegorical-interpretation-of-scripture	alexandria	220	250	affirms	1	0	edge-1dbcfbb275d9ea4d|edge-48bf40bdc301fa13	drv-b7f05287eab40cdb
allegorical-interpretation-of-scripture	antioch	220	250	affirms	1	0	edge-72e1bdba8594edb9	drv-fb7e050fb0cda132
allegorical-interpretation-of-scripture	caesarea	220	250	affirms	1	0	edge-7c5e6974dcecd900	drv-80d79233d3c9ebda
allegorical-interpretation-of-scripture	tyre	220	250	affirms	1	0	edge-9463bc3e0a6fd220	drv-dacc53255a594495
apostolic-succession-transmits-faith	rome	222	225	affirms	1	0	edge-4806e3634e835344	drv-84137c4e4cf096ad
logos-is-pre-existent-son-of-god	rome	222	225	affirms	1	0	edge-88dcff98b43c7b88	drv-5c8b3c8e0c49099a
post-baptismal-sin-forgiven-by-penance	rome	222	225	affirms	1	0	edge-af16cb5b3266b723	drv-3d8e13d39b140cfb
rule-of-faith-received-from-apostles	rome	222	225	affirms	1	0	edge-44a8f5933de1042b	drv-d66976152320bfee
allegorical-interpretation-of-scripture	alexandria	226	235	affirms	1	0	edge-a66027bba22b81ea	drv-62bc8fc043fca0a2
allegorical-interpretation-of-scripture	caesarea	226	235	affirms	1	0	edge-1ea78b7960f4b7e6	drv-582607a20dde7e63
christ-truly-became-flesh	alexandria	226	235	affirms	1	0	edge-9e2c41037417e0e1	drv-0cfbd4dc5a702503
christ-truly-became-flesh	caesarea	226	235	affirms	1	0	edge-c105cceb6f659e23	drv-d09f8a14231c79df
final-judgment-is-coming	alexandria	226	235	affirms	1	0	edge-01849e1b349939c0	drv-cd168bae55fc02ae
final-judgment-is-coming	caesarea	226	235	affirms	1	0	edge-86414b165966ab3f	drv-f7797d1d71dfd581
free-will-grounds-moral-responsibility	alexandria	226	235	affirms	1	0	edge-3fef34f644b4c4ab	drv-1d61ca750058dd22
free-will-grounds-moral-responsibility	caesarea	226	235	affirms	1	0	edge-2862d60a2f7a9360	drv-df065d3724b5fee8
jesus-born-of-virgin	alexandria	226	235	affirms	1	0	edge-bd847201428479cb	drv-45cfb0cf33f773a4
jesus-born-of-virgin	caesarea	226	235	affirms	1	0	edge-b42c7c2c562df8a4	drv-79d9886b7bdf4a8d
logos-is-pre-existent-son-of-god	alexandria	226	235	affirms	1	0	edge-ee517c82a268c02a	drv-30e695372e6a5d0e
logos-is-pre-existent-son-of-god	caesarea	226	235	affirms	1	0	edge-3cfeb0cb86f6bdf2	drv-88253529eeeb07c8
old-testament-is-authoritative-scripture	alexandria	226	235	affirms	1	0	edge-99a0012f7ab5c991	drv-fe171a3fb0abdb92
old-testament-is-authoritative-scripture	caesarea	226	235	affirms	1	0	edge-e3989fa16795ed5f	drv-d93ae22adf35f27a
prayer-is-offered-without-ceasing	alexandria	226	235	affirms	1	0	edge-93b66c303812baa2	drv-18f828d7febef216
prayer-is-offered-without-ceasing	caesarea	226	235	affirms	1	0	edge-23f68a18d2a2f2ed	drv-d03adaefd4c523df
pre-existence-of-souls	alexandria	226	235	affirms	1	0	edge-a9ca277ae867526e	drv-1f10f3aa0c6caabe
pre-existence-of-souls	caesarea	226	235	affirms	1	0	edge-a6663b122840502c	drv-d4e491d5750783ca
son-is-eternally-generated	alexandria	226	235	affirms	1	0	edge-72c599c8ce2eef58	drv-84aee7f07b612ba1
son-is-eternally-generated	caesarea	226	235	affirms	1	0	edge-39b11af9322a2b74	drv-01b61ba3f7fb1890
trinity-is-three-persons-one-substance	alexandria	226	235	affirms	1	0	edge-eaa828f49c29464a	drv-66e965cf9ce77779
trinity-is-three-persons-one-substance	caesarea	226	235	affirms	1	0	edge-1de706f2843799e1	drv-a94ca873de5c0d6c
almsgiving-is-required	edessa	230	230	affirms	1	0	edge-a90ea5089a9bf66a	drv-85f67eb475b9c0e4
baptism-administered-in-trinitarian-name	edessa	230	230	affirms	1	0	edge-8a3960065185283a	drv-102fd7c80a477a3c
baptism-effects-regeneration	edessa	230	230	affirms	1	0	edge-407b2858fc870134	drv-9c20fe7312d4901e
baptismal-anointing-with-oil	edessa	230	230	affirms	1	0	edge-87a010dcb24f8e1e	drv-fa4726d5c098d41a
bishop-authority-over-eucharist	edessa	230	230	affirms	1	0	edge-f494cf25b0f12ca3	drv-3ed44eedae1a331f
bishops-govern-local-church	edessa	230	230	affirms	1	0	edge-ca5631a5e30d49c7	drv-281c3d69f73ee511
bodies-will-be-raised-at-last-day	edessa	230	230	affirms	1	0	edge-fb563758bdedfbc3	drv-2f7b72abc696571b
catechumenate-precedes-baptism	edessa	230	230	affirms	1	0	edge-9ad8288c8ac3da63	drv-f066ee033e9faf44
christians-avoid-public-spectacles	edessa	230	230	affirms	1	0	edge-93aee300e0ee3deb	drv-cb89fed455fdd94f
eucharist-is-sacrifice	edessa	230	230	affirms	1	0	edge-3fa85c2eb394fab5	drv-88167404ee6990a3
eucharist-offered-on-sunday	edessa	230	230	affirms	1	0	edge-7d2e0e3f891b5881	drv-cf709ab073a83eca
fasting-is-required	edessa	230	230	affirms	1	0	edge-39557c28e691c941	drv-47ffca65315d885e
old-testament-is-authoritative-scripture	edessa	230	230	affirms	1	0	edge-2d506ddfbf19f5c3	drv-8b63304c1920e1ae
ordination-conferred-by-laying-on-of-hands	edessa	230	230	affirms	1	0	edge-47cfc45cb198eb65	drv-54a7b1674aeb7602
post-baptismal-sin-forgiven-by-penance	edessa	230	230	affirms	1	0	edge-e5e67d718e9265a2	drv-625d6cab6c652a9d
repentance-is-required	edessa	230	230	affirms	1	0	edge-10f3dfb0b5ad90a4	drv-90bdab244f898f07
threefold-ministry-required	edessa	230	230	affirms	1	0	edge-f5df00cba8abafe9	drv-5f20348cf57c9f35
virginity-is-honored-calling	edessa	230	230	affirms	1	0	edge-9447acc97273b3e3	drv-e4fb7e18d11d2d69
baptismal-anointing-with-oil	edessa	230	240	neutral	0	0	edge-87e00ecf003aa72c	drv-fe7bd61550580920
gospel-reached-india	edessa	230	240	neutral	0	0	edge-cd219dec7367c239	drv-9745c29534750d38
thomas-preached-in-india	edessa	230	240	affirms	1	0	edge-6a205c51c1f6de33	drv-5afcf807398ec25d
apostolic-succession-transmits-faith	caesarea-cappadocia	230	268	affirms	1	0	edge-ab1d8293e5cba484	drv-9af8a847fcdb0958
allegorical-interpretation-of-scripture	caesarea	233	234	affirms	2	0	edge-8034dfeaca713b3a|edge-e724d4987ff7425d	drv-9f62717dc017ebca
baptism-effects-regeneration	caesarea	233	234	affirms	1	0	edge-b04345e3e49b8004	drv-154163c6089e3708
christ-truly-became-flesh	caesarea	233	234	affirms	2	0	edge-775a1175a302ff8a|edge-fbed2a0b8664465c	drv-05a010a50c636d0b
final-judgment-is-coming	caesarea	233	234	affirms	1	0	edge-d023325d2646a240	drv-1463acb3be9469e4
free-will-grounds-moral-responsibility	caesarea	233	234	affirms	1	0	edge-252c666956ea6801	drv-fccf308d82573990
infants-and-children-are-baptized	caesarea	233	234	affirms	1	0	edge-1a0ffd8af901044e	drv-b1c5904ec543e760
jesus-born-of-virgin	caesarea	233	234	affirms	1	0	edge-29134ebea3b6f6d3	drv-cbf393aba45ec55d
logos-is-pre-existent-son-of-god	caesarea	233	234	affirms	2	0	edge-32cac6818dcee3f0|edge-4ccfb83c9741e4c3	drv-7bec81971e50d1b3
old-testament-is-authoritative-scripture	caesarea	233	234	affirms	2	0	edge-9885f25450b43b8d|edge-ba9e8f8f86530882	drv-2b047d6582145eaa
perpetual-virginity-of-mary	caesarea	233	234	affirms	1	0	edge-b03d134585abd69c	drv-fdbf1a86149b32a6
post-baptismal-sin-forgiven-by-penance	caesarea	233	234	affirms	1	0	edge-e6e28585d1ccd72e	drv-33a6a53f0083d124
prayer-is-offered-without-ceasing	caesarea	233	234	affirms	1	0	edge-a01073375569d8b7	drv-0a8cfcc27dc17922
rule-of-faith-received-from-apostles	caesarea	233	234	affirms	1	0	edge-5df3073377fc1849	drv-a1269d33688129d5
son-is-eternally-generated	caesarea	233	234	affirms	1	0	edge-6a1cddd5820e6c73	drv-5c699db8d46cde87
trinity-is-three-persons-one-substance	caesarea	233	234	affirms	1	0	edge-fb5b4afac7323071	drv-f078495d53d8d6d5
bodies-will-be-raised-at-last-day	caesarea	235	235	affirms	1	0	edge-b4ad1eff20213f0a	drv-779781dd28ff4412
christ-truly-became-flesh	caesarea	235	235	affirms	1	0	edge-c7e68d31616f2b90	drv-3a2693318c8aba78
final-judgment-is-coming	caesarea	235	235	affirms	1	0	edge-db6baa4f22573c9a	drv-50b81de57e159ee0
free-will-grounds-moral-responsibility	caesarea	235	235	affirms	1	0	edge-35b61fa9a27b96b0	drv-333b49728e61ef13
logos-is-pre-existent-son-of-god	caesarea	235	235	affirms	1	0	edge-21f51794dbe1d549	drv-b9559a3b0de599bb
martyrdom-witnesses-to-christ	caesarea	235	235	affirms	1	0	edge-79d2287205298dac	drv-d9808d2bac730de4
old-testament-is-authoritative-scripture	caesarea	235	235	affirms	1	0	edge-f1100079fbbd39a4	drv-6da4911b24b1a781
virginity-is-honored-calling	caesarea	235	235	affirms	1	0	edge-559a077c94612e3d	drv-2b509eca2d9be0fd
allegorical-interpretation-of-scripture	caesarea	238	238	affirms	1	0	edge-6d3063fad13867e6	drv-7d8c9ebaca97bb92
free-will-grounds-moral-responsibility	caesarea	238	238	affirms	1	0	edge-a378b87043cf8d47	drv-57740eceb9c92702
greek-philosophy-prepared-gentiles-for-gospel	caesarea	238	238	affirms	1	0	edge-4bc5434d710e7754	drv-bf0eb2820cb062fe
logos-is-pre-existent-son-of-god	caesarea	238	238	affirms	1	0	edge-0b6d2f6d7de0e4c8	drv-c9012691c9425ce3
old-testament-is-authoritative-scripture	caesarea	238	238	affirms	1	0	edge-3ae0bf60dfc5af7e	drv-ce2cd81d5d71960c
allegorical-interpretation-of-scripture	caesarea	238	244	affirms	2	0	edge-a822954feb31a9b6|edge-c0d27bc74c09cc79	drv-36e9491be6aaa774
almsgiving-is-required	caesarea	238	244	affirms	1	0	edge-2050bbc8db7c5d68	drv-cfe7db1a5be0e5ba
baptism-effects-regeneration	caesarea	238	244	affirms	2	0	edge-7724e0d4a7bf2259|edge-798d59daba683429	drv-46a4193b5360fecd
bishops-govern-local-church	caesarea	238	244	affirms	1	0	edge-2a30b671204b6774	drv-375d6e494f59a2ca
christ-truly-became-flesh	caesarea	238	244	affirms	2	0	edge-36e0917e19dc947a|edge-e3b91ba4d90347ec	drv-08a04e9e0ca604e6
eucharist-is-body-and-blood	caesarea	238	244	affirms	1	0	edge-77b8a4bddfcce83d	drv-224fb6eddbad466d
eucharist-is-sacrifice	caesarea	238	244	affirms	1	0	edge-c54ffee938eb470d	drv-dffd58ed0d89b7b5
fasting-is-required	caesarea	238	244	affirms	1	0	edge-f559cd3a34cc0d5f	drv-86c7f8d6deaeee1f
final-judgment-is-coming	caesarea	238	244	affirms	1	0	edge-8ca11bdf56312c30	drv-81435b2e0acdf109
free-will-grounds-moral-responsibility	caesarea	238	244	affirms	1	0	edge-c0b69a8fa0b06b8c	drv-b3141b5dc6a302cd
jesus-born-of-virgin	caesarea	238	244	affirms	1	0	edge-8b403b3445bc3039	drv-8b143e02dba97376
logos-is-pre-existent-son-of-god	caesarea	238	244	affirms	2	0	edge-d785849c676737ca|edge-f00f7cda9398ce6c	drv-28cccb12066de037
old-testament-is-authoritative-scripture	caesarea	238	244	affirms	2	0	edge-1446ae206859206c|edge-a198f67b43c7980a	drv-cf5d1239d11fbae6
ordination-conferred-by-laying-on-of-hands	caesarea	238	244	affirms	1	0	edge-83dccf362e9aced1	drv-6eb35493aeb89af4
post-baptismal-sin-forgiven-by-penance	caesarea	238	244	affirms	2	0	edge-4f5a37ced00fefd4|edge-c17982d48ff9d176	drv-5e1c34b32662f613
son-is-eternally-generated	caesarea	238	244	affirms	1	0	edge-79805adf931383f1	drv-2e8ccb3b49aad709
threefold-ministry-required	caesarea	238	244	affirms	1	0	edge-25778e58f0a2061e	drv-0345c42bc1395654
virginity-is-honored-calling	caesarea	238	244	affirms	1	0	edge-f475555609c42d76	drv-decd6913b1309ae8
allegorical-interpretation-of-scripture	caesarea	243	244	affirms	1	0	edge-50991e70585ae9b9	drv-a1dadf215e733717
baptism-administered-in-trinitarian-name	caesarea	243	244	affirms	1	0	edge-5664466c0cd95be9	drv-5b604a2719382ea0
baptism-effects-regeneration	caesarea	243	244	affirms	1	0	edge-ef9f8739c86c7a54	drv-d0cd4f02e2bc8ffb
christ-truly-became-flesh	caesarea	243	244	affirms	1	0	edge-34cab674d1dbff22	drv-515364469e2cea7f
final-judgment-is-coming	caesarea	243	244	affirms	1	0	edge-7e20f28e7a388804	drv-fc757e594df72fc0
free-will-grounds-moral-responsibility	caesarea	243	244	affirms	1	0	edge-e4ae167df2e18e53	drv-0228241a75dfd081
infants-and-children-are-baptized	caesarea	243	244	affirms	1	0	edge-8a4e95a2c56638a8	drv-03ccbb49dfe917c1
logos-is-pre-existent-son-of-god	caesarea	243	244	affirms	1	0	edge-f8f61b036f8a13e8	drv-0ba4c8077275c8c1
old-testament-is-authoritative-scripture	caesarea	243	244	affirms	1	0	edge-68fc8ef44ef9ec6f	drv-cd1ff90e84d24dd3
post-baptismal-sin-forgiven-by-penance	caesarea	243	244	affirms	1	0	edge-0a119b7498f6a32a	drv-066a3c0d9b22f244
rule-of-faith-received-from-apostles	caesarea	243	244	affirms	1	0	edge-7b7784120d2ebe97	drv-f6348e33d6377e88
son-is-eternally-generated	caesarea	243	244	affirms	1	0	edge-ccf0d3ed49358516	drv-a930ae18a6a9aec1
christianity-reached-britannia	caesarea	244	244	neutral	0	0	edge-87b91e3fd0941871	drv-f5a1677e4ced881e
baptism-administered-in-trinitarian-name	carthage	246	246	affirms	1	0	edge-3d6d4d2051fc6560	drv-9abea5f055d0d38a
baptism-effects-regeneration	carthage	246	246	affirms	1	0	edge-90b2c4a804bd3a35	drv-a16c35bbd1892c9e
baptism-is-illumination	carthage	246	246	affirms	1	0	edge-1b0f09f993fe8fad	drv-bd9388ef8d9cbc49
baptism-with-water-commanded	carthage	246	246	affirms	1	0	edge-625685e13f5cd223	drv-f2c75a4d2540940f
christians-avoid-public-spectacles	carthage	246	246	neutral	0	0	edge-1c9a4fa42fe0528f	drv-921e1acbba58714c
ordination-conferred-by-laying-on-of-hands	carthage	246	246	neutral	0	0	edge-2d76e6f27b72dac9	drv-dd3380aae0ee2285
post-baptismal-sin-forgiven-by-penance	carthage	246	246	neutral	0	0	edge-5d43b69443d875e3	drv-e1a4c1efb5f66b52
allegorical-interpretation-of-scripture	caesarea	246	248	affirms	1	0	edge-8cd673933476d84c	drv-96d8cc4f6bb446ca
apostolic-succession-transmits-faith	caesarea	246	248	affirms	1	0	edge-cc5f1bfbc17cb9c8	drv-880df7a0eaa86710
baptism-administered-in-trinitarian-name	caesarea	246	248	affirms	1	0	edge-160a8b1a56b31a3c	drv-4403ecb1aaf75d9d
bishops-govern-local-church	caesarea	246	248	affirms	1	0	edge-b16635feec35126e	drv-2af72bf5b59af21b
eucharist-is-body-and-blood	caesarea	246	248	affirms	1	0	edge-4f6330c5fc25ce8b	drv-2691cbf8df5a1114
final-judgment-is-coming	caesarea	246	248	affirms	1	0	edge-c3de94453467e1b7	drv-3ca2e2f52cf377e5
free-will-grounds-moral-responsibility	caesarea	246	248	affirms	1	0	edge-a0e2fb47dc1ef5ac	drv-99238e3b2e915edb
logos-is-pre-existent-son-of-god	caesarea	246	248	affirms	1	0	edge-b35d6e5506fa01ee	drv-e5b078614b819e10
old-testament-is-authoritative-scripture	caesarea	246	248	affirms	1	0	edge-50dc6ab21cc05251	drv-b858dd3f7faba9d5
perpetual-virginity-of-mary	caesarea	246	248	affirms	1	0	edge-08d2397e52167266	drv-b29a2249c515b269
post-baptismal-sin-forgiven-by-penance	caesarea	246	248	affirms	1	0	edge-f48fc4fb82aed804	drv-b6a4f09e3fdca8ec
son-is-eternally-generated	caesarea	246	248	affirms	1	0	edge-75f503cf902bd7af	drv-bb82b5f05fc71399
trinity-is-three-persons-one-substance	caesarea	246	248	affirms	1	0	edge-28ac9a0b0dd10264	drv-a81477e131d5036a
virginity-is-honored-calling	caesarea	246	248	affirms	1	0	edge-487dcb45de9d7812	drv-54c8488d32553b20
allegorical-interpretation-of-scripture	caesarea	248	248	affirms	1	0	edge-0f2374df9453e882	drv-6bfef09110731dd7
bodies-will-be-raised-at-last-day	caesarea	248	248	affirms	1	0	edge-4386b7f1647aa132	drv-ef22fbd3bfa8b313
catechumenate-precedes-baptism	caesarea	248	248	affirms	1	0	edge-f4ab4f20f52d2870	drv-24e37f40f19d394a
christ-truly-became-flesh	caesarea	248	248	affirms	1	0	edge-180c060cd4f502e4	drv-2e97cf1f8d844d40
final-judgment-is-coming	caesarea	248	248	affirms	1	0	edge-2ab40b181ec0ca2e	drv-83d92e7999eef4d3
free-will-grounds-moral-responsibility	caesarea	248	248	affirms	1	0	edge-7b95aaa82a7b81e4	drv-1641f54edb665c4b
jesus-born-of-virgin	caesarea	248	248	affirms	1	0	edge-8f3ed35ec82e73ab	drv-a7ded253e9206fd3
logos-is-pre-existent-son-of-god	caesarea	248	248	affirms	1	0	edge-f2a83e90d80b5e8a	drv-25699825d78b6e3b
martyrdom-witnesses-to-christ	caesarea	248	248	affirms	1	0	edge-82d6723b4fc358ba	drv-005997a8fdee9836
old-testament-is-authoritative-scripture	caesarea	248	248	affirms	1	0	edge-36abac406a7a6a5c	drv-0205d6c569419d81
perpetual-virginity-of-mary	caesarea	248	248	affirms	1	0	edge-233e23be48d39ba7	drv-b7b82a9dc151d8ad
prayer-is-offered-without-ceasing	caesarea	248	248	affirms	1	0	edge-a810794b62ee8b12	drv-3e8aa748cc980e34
rule-of-faith-received-from-apostles	caesarea	248	248	affirms	1	0	edge-91b766560933bffe	drv-1b2d839b5055c028
son-is-eternally-generated	caesarea	248	248	affirms	1	0	edge-22d0a45547777f2b	drv-8341e19c8c77c7c1
trinity-is-three-persons-one-substance	caesarea	248	248	affirms	1	0	edge-2b51fffe86f62990	drv-0d5cdc8334ccd02c
virginity-is-honored-calling	caesarea	248	248	affirms	1	0	edge-a23bc4c6cd18d147	drv-c8b0a1e1196884f7
apostolic-succession-transmits-faith	alexandria	248	264	affirms	1	0	edge-a1957b442295c106	drv-b8aeed147b649b27
apostolic-succession-transmits-faith	rome	248	264	affirms	1	0	edge-b331ff0b3bdf9c01	drv-126bf3a3a742232f
logos-is-pre-existent-son-of-god	alexandria	248	264	affirms	1	0	edge-124b7a601acde11c	drv-2563c30a8d3e49c7
logos-is-pre-existent-son-of-god	rome	248	264	affirms	1	0	edge-b15ed615f3766f1b	drv-a2a07b1336644e4a
post-baptismal-sin-forgiven-by-penance	alexandria	248	264	affirms	1	0	edge-a41ae41a0c801e2c	drv-ae3072892748edf1
post-baptismal-sin-forgiven-by-penance	rome	248	264	affirms	1	0	edge-79d48f967d2fbbdc	drv-51469e02d5c2b405
trinity-is-three-persons-one-substance	alexandria	248	264	affirms	1	0	edge-e8bb2a8530f6839b	drv-d742a0a7d7a80364
trinity-is-three-persons-one-substance	rome	248	264	affirms	1	0	edge-4be380fbf805105e	drv-23d25771aaf6bbf5
almsgiving-is-required	carthage	249	249	neutral	0	0	edge-8a7ac5dcb5bf40f4	drv-7f0838d8250895ba
baptism-effects-regeneration	carthage	249	249	neutral	0	0	edge-c95f1c8ff16a5265	drv-763c44392716e9ea
christians-avoid-public-spectacles	carthage	249	249	affirms	1	0	edge-ab7ba657071c16ea	drv-832662e8bcaa8733
fasting-is-required	carthage	249	249	affirms	1	0	edge-d6255e85193fdbd8	drv-5f2fb8b742bcffef
martyrdom-witnesses-to-christ	carthage	249	249	neutral	0	0	edge-8609655deae933dc	drv-dfd27102e6315152
perpetual-virginity-of-mary	carthage	249	249	neutral	0	0	edge-c32e277748816304	drv-725a6368ccaf614a
threefold-ministry-required	carthage	249	249	neutral	0	0	edge-3e627d3a2d953593	drv-8723ea817ff6e410
virginity-is-honored-calling	carthage	249	249	affirms	1	0	edge-2aa92a230c57dfbf	drv-8e48551d7d5acf24
bodies-will-be-raised-at-last-day	rome	250	250	affirms	1	0	edge-e814886afaed194a	drv-04db038e68d17ae1
christ-truly-became-flesh	rome	250	250	affirms	1	0	edge-7e4dbb687d62c308	drv-a4783b142d15312d
christ-truly-suffered-and-died	rome	250	250	affirms	1	0	edge-773c45072037fb0f	drv-7adedd2ede431a2b
jesus-born-of-virgin	rome	250	250	affirms	1	0	edge-e00f7a93ec877bee	drv-cf443c0de4e94924
logos-is-pre-existent-son-of-god	rome	250	250	affirms	1	0	edge-5ee9f7b375b93a13	drv-07d1d8a0e45d5ca6
old-testament-is-authoritative-scripture	rome	250	250	affirms	1	0	edge-383550de1fd6773c	drv-c4476732eb22d570
rule-of-faith-received-from-apostles	rome	250	250	affirms	1	0	edge-3f843cffdccff1d5	drv-601cc7b4c679e904
trinity-is-three-persons-one-substance	rome	250	250	affirms	1	0	edge-7984d0fabe658eab	drv-4f21973df317b41c
christianity-reached-britannia	britannia	250	305	affirms	1	0	edge-d4f4c21d215d232a	drv-e881a1d5e21040e1
almsgiving-is-required	carthage	251	251	neutral	0	0	edge-220db62553efdf7e	drv-66f1b5687aac4c50
apostolic-succession-transmits-faith	carthage	251	251	affirms	2	0	edge-64bc43311db3bef2|edge-d1ff9f72107c69a1	drv-343bd9510f9911aa
baptism-administered-in-trinitarian-name	carthage	251	251	affirms	1	0	edge-3a5c744d5e4edc4a|edge-3c89e2f12fab512f	drv-9b299d222963a0f0
baptism-effects-regeneration	carthage	251	251	affirms	2	0	edge-72e9aaa8543f6dc0|edge-735d86097f2cf17d	drv-fc53c0bb3c240289
baptism-with-water-commanded	carthage	251	251	affirms	2	0	edge-24d334d51c78db5a|edge-2bfa066880ed7f73	drv-66c27fa40484ae21
bishop-authority-over-eucharist	carthage	251	251	affirms	2	0	edge-36459da539c146ec|edge-d85b1b3a4234a01f	drv-59cf134cb0593474
episcopal-unity-grounds-church-unity	carthage	251	251	affirms	2	0	edge-9a4ff6d60b1c9f0f|edge-d9523faeda4a1945	drv-827afab7b90d4a56
eucharist-is-body-and-blood	carthage	251	251	affirms	2	0	edge-8b853d4852f85e30|edge-9b754a4f96bdeaac	drv-a8f96062579d49d6
eucharist-is-sacrifice	carthage	251	251	affirms	2	0	edge-3408ce0d57809d53|edge-e7d7f5f8b7152c61	drv-526b30b454dccb3d
eucharist-offered-on-sunday	carthage	251	251	neutral	0	0	edge-45c7f9b68526e89b|edge-cd088de0108eab70	drv-4c4eb05328e970de
frequent-eucharistic-assembly	carthage	251	251	affirms	1	0	edge-821be347b612bc01	drv-f5a5046cf4fb9ae7
heretic-baptism-is-invalid	carthage	251	251	affirms	1	0	edge-be3adda640d0c7f7	drv-d97ed284d53c3242
martyrdom-witnesses-to-christ	carthage	251	251	affirms	2	0	edge-8a9b409bbe14e4ad|edge-c0d408692821cc40	drv-62353304c181ed7e
martyrs-relics-honored	carthage	251	251	neutral	0	0	edge-3b07fa2844038695	drv-e441c30fb2d366fb
old-testament-is-authoritative-scripture	carthage	251	251	affirms	1	0	edge-bd76b4da0d96ffe1	drv-7aaaddad751a5a90
ordination-conferred-by-laying-on-of-hands	carthage	251	251	neutral	0	0	edge-5e1c1456445e8592|edge-6e0fd49233f1a004	drv-309ff99e14e96979
post-baptismal-sin-forgiven-by-penance	carthage	251	251	affirms	2	0	edge-806bffc36e4921ba|edge-aeadef25b5367880	drv-90cc853c884545b5
rule-of-faith-received-from-apostles	carthage	251	251	affirms	1	0	edge-2f1b5219d5e1cc97	drv-8f8a54455b19f416
threefold-ministry-required	carthage	251	251	affirms	2	0	edge-459b9d29cbf4fe08|edge-84dd82b257f04546	drv-048644ff5eb615a6
trinity-is-three-persons-one-substance	carthage	251	251	affirms	1	0	edge-155d8ce74010d3ee	drv-2f2162fd55252030
apostolic-succession-transmits-faith	rome	251	253	affirms	1	0	edge-2dab1917ab21c507	drv-adeb3beb07c61d8f
post-baptismal-sin-forgiven-by-penance	rome	251	253	affirms	1	0	edge-9bb46fe65ebb3fa8	drv-6257032960094809
post-baptismal-sin-forgiven-by-penance	carthage	251	258	opposes	0	1	edge-b5b60cde3a0fb704	drv-f6378e51f78323eb
post-baptismal-sin-forgiven-by-penance	rome	251	258	opposes	0	1	edge-85d2bd5d3a630b18	drv-8acc3fec4cb85ad6
almsgiving-is-required	carthage	252	252	affirms	1	0	edge-5515213545986c3d	drv-c6878b9f263da937
baptism-administered-in-trinitarian-name	carthage	252	252	affirms	2	0	edge-27dc1783a1d509cc|edge-35852b369c548cc0	drv-194b076a3955e824
baptism-effects-regeneration	carthage	252	252	affirms	2	0	edge-c7386b427e36be38|edge-f521b05050ca221f	drv-9296f83c6d205318
baptism-with-water-commanded	carthage	252	252	affirms	2	0	edge-6cf7c69663d79eb0|edge-a9593d8b27057fe3	drv-6136424cd7875808
baptismal-anointing-with-oil	carthage	252	252	affirms	1	0	edge-311ac122e0053002	drv-bcf3f30aa079acd5
bishop-authority-over-eucharist	carthage	252	252	affirms	1	0	edge-0c3c1b1b54b6965e	drv-f0961875fe4507db
episcopal-unity-grounds-church-unity	carthage	252	252	affirms	2	0	edge-16e62f6c7a1ade13|edge-437ae2062a64a5be	drv-616a86774c9dbe03
eucharist-fulfills-malachi-pure-offering	carthage	252	252	neutral	0	0	edge-5dd1f9f9a0d1e977	drv-951ec30b902d91f7
eucharist-is-body-and-blood	carthage	252	252	affirms	1	0	edge-19a05cd78fe890fa	drv-1955c339b2ea147a
eucharist-is-sacrifice	carthage	252	252	affirms	1	0	edge-fd26aa278f1d7b86	drv-1aa8b66b28498095
eucharist-offered-on-sunday	carthage	252	252	affirms	1	0	edge-134ab797cb97e111	drv-09b1451ccaa1d5c5
fasting-is-required	carthage	252	252	affirms	1	0	edge-659a6def1aec132e	drv-bcf245c8b0de174e
frequent-eucharistic-assembly	carthage	252	252	affirms	1	0	edge-1c022b616ac8f8ec	drv-ce227f320a99b7ab
infants-and-children-are-baptized	carthage	252	252	affirms	1	0	edge-582d305cf31cc77e|edge-6b32e1d48b559110	drv-a065e31c17c0f799
old-testament-is-authoritative-scripture	carthage	252	252	affirms	2	0	edge-1553bc1f6fe66f02|edge-db0ae03892d0f9e6	drv-3e9eddd36f26fda2
ordination-conferred-by-laying-on-of-hands	carthage	252	252	affirms	1	0	edge-7b172bb9bfec097d	drv-9aa1dd8aed3e041a
post-baptismal-sin-forgiven-by-penance	carthage	252	252	affirms	2	0	edge-14adee53c4fb36f7|edge-8b86e357a4fe9895	drv-8bdbd28d377631f2
prayer-is-offered-without-ceasing	carthage	252	252	affirms	1	0	edge-53a67b867891574e	drv-5b1629f7bfa48fb9
rule-of-faith-received-from-apostles	carthage	252	252	affirms	1	0	edge-0afdff8cd847f1f0	drv-79176b86a91cc8dc
trinity-is-three-persons-one-substance	carthage	252	252	affirms	1	0	edge-6db5137ab2b560a8	drv-e333cb42be8791bd
apostolic-succession-transmits-faith	rome	254	257	affirms	1	0	edge-9c0f434f37af0904	drv-593ffa7d586826df
bishop-succession-guarantees-apostolic-faith	rome	254	257	affirms	1	0	edge-ca93641f7b3d4740	drv-3014137950bec626
heretic-baptism-is-invalid	rome	254	257	opposes	0	1	edge-2c4977e82040a334	drv-a5b8e17aa62ff84e
heretic-baptism-is-invalid	caesarea-cappadocia	254	268	affirms	1	0	edge-d0b4e6a50986d325	drv-07e15fba7d77fcec
apostolic-succession-transmits-faith	carthage	256	256	affirms	2	0	edge-567f2e6dfd03f7b1|edge-fed016ce98c39224	drv-37940624a3938e6f
baptism-administered-in-trinitarian-name	carthage	256	256	affirms	2	0	edge-c2ba042a65e6f590|edge-dd32b49849da218c	drv-6a251baaab055bb4
baptism-effects-regeneration	carthage	256	256	affirms	2	0	edge-38855dcb0aa02a09|edge-48ed5fc1885c5c71	drv-fe7be82c2ebc151c
baptism-with-water-commanded	carthage	256	256	affirms	2	0	edge-5acd8776c694b5aa|edge-f6b2fc72ef3ae673	drv-8c885af9221bc161
bishop-authority-over-eucharist	carthage	256	256	neutral	0	0	edge-3a22d8edaf7d67d6	drv-38fc3cfa81c6836f
episcopal-unity-grounds-church-unity	carthage	256	256	affirms	2	0	edge-7152f29980367e43|edge-8f44e43a5ce643cc	drv-4c926d4e0e379bcc
heretic-baptism-is-invalid	carthage	256	256	affirms	2	0	edge-9066d8e400f1da81|edge-a80f4b7bf4381a90	drv-4978d0a0cec0f4cf
old-testament-is-authoritative-scripture	carthage	256	256	affirms	1	0	edge-2f7f6cfc94ae0572|edge-5364ae3fe0238be6	drv-2a6f69f4a33a7457
post-baptismal-sin-forgiven-by-penance	carthage	256	256	neutral	0	0	edge-cdd192e2fb783e3a|edge-e49258df0e821700	drv-99f8bfd6454508fa
rule-of-faith-received-from-apostles	carthage	256	256	affirms	2	0	edge-042d06ea46e3ad5b|edge-fd4ec7272ca4da7d	drv-78872baa114aa262
threefold-ministry-required	carthage	256	256	affirms	2	0	edge-56392c521bd9aa60|edge-ed281b4744f64de4	drv-0f03d42910333bf8
apostolic-succession-transmits-faith	alexandria	313	339	affirms	1	0	edge-3a23f0bfe4639c16	drv-a11916dcb233e3d0
apostolic-succession-transmits-faith	antioch	313	339	affirms	1	0	edge-0f3b2b10b5c20173	drv-56fafda58f985362
apostolic-succession-transmits-faith	caesarea	313	339	affirms	1	0	edge-2ce8b0869e83c244	drv-2508f94905b49187
bodies-will-be-raised-at-last-day	alexandria	313	339	affirms	1	0	edge-5ff176c94532eb8f	drv-33d04fc6fa4187ea
bodies-will-be-raised-at-last-day	antioch	313	339	affirms	1	0	edge-915c19126d29be9e	drv-03e0035d14b8c2ec
bodies-will-be-raised-at-last-day	caesarea	313	339	affirms	1	0	edge-5423a219012690af	drv-67825cf5910c7dd5
christ-truly-became-flesh	alexandria	313	339	affirms	1	0	edge-aa7889b9bb18da87	drv-5cf2af9e6eee5ade
christ-truly-became-flesh	antioch	313	339	affirms	1	0	edge-7850cfccc7091a78	drv-55125b9169c1505a
christ-truly-became-flesh	caesarea	313	339	affirms	1	0	edge-37865429f793f483	drv-9815c4cc030cb600
logos-is-pre-existent-son-of-god	alexandria	313	339	affirms	1	0	edge-12617c02a1dfcfaf	drv-faf83fd8dc2321d6
logos-is-pre-existent-son-of-god	antioch	313	339	affirms	1	0	edge-1ea08756fc6a3d64	drv-f524e81b4cc8249c
logos-is-pre-existent-son-of-god	caesarea	313	339	affirms	1	0	edge-27afb970cca92b3b	drv-657299b6052ee0f9
old-testament-is-authoritative-scripture	alexandria	313	339	affirms	1	0	edge-98d5da199bc2de19	drv-5377b6a927c0249b
old-testament-is-authoritative-scripture	antioch	313	339	affirms	1	0	edge-2efd341cc618b5b8	drv-95299933ccfe3cc4
old-testament-is-authoritative-scripture	caesarea	313	339	affirms	1	0	edge-bf8c16836bc93ac0	drv-263a6e246b539fee
rule-of-faith-received-from-apostles	alexandria	313	339	affirms	1	0	edge-c56fb5b1a2676b34	drv-a348954dc5073700
rule-of-faith-received-from-apostles	antioch	313	339	affirms	1	0	edge-27aa7c6d6d0acc2e	drv-59721d225f717f0d
rule-of-faith-received-from-apostles	caesarea	313	339	affirms	1	0	edge-3dde8d92b313140f	drv-cd0e9e73ce22bfa2
christ-truly-became-flesh	alexandria	318	336	opposes	0	1	edge-e64f8125d2e62966	drv-a281917705b1bb83
logos-is-pre-existent-son-of-god	alexandria	318	336	opposes	0	1	edge-77d996d7092a6e55	drv-d1e859604f0ae073
son-is-eternally-generated	alexandria	318	336	opposes	0	1	edge-97544e757294aa97	drv-fb7a460a700f81b1
trinity-is-three-persons-one-substance	alexandria	318	336	opposes	0	1	edge-f0b300cbaf571243	drv-6111276315ad0232
bartholomew-preached-in-india	caesarea	325	325	affirms	1	0	edge-db70978dcfc4c8d0	drv-69dc9124887e3811
christ-dominion-is-universal	caesarea	325	325	affirms	1	0	edge-8d8af572ad6d4686	drv-9d40a11a03929665
christianity-established-in-arabia	caesarea	325	325	neutral	0	0	edge-872d6d8392c00139	drv-fc0382626d03e20a
christianity-established-in-ethiopia	caesarea	325	325	neutral	0	0	edge-9ef9f27d561d6f22	drv-ff75dc619c446280
christianity-reached-britannia	alexandria	325	325	affirms	1	0	edge-bcb0bf2bd4cf2be8	drv-7c7afd09e2d27103
christianity-reached-britannia	antioch	325	325	affirms	1	0	edge-b9fd05f00bca441d	drv-bb065ae3d6e9a9bd
christianity-reached-britannia	caesarea	325	325	affirms	1	0	edge-90729dc787144f19	drv-dee4027c9d07f9b3
gospel-reached-india	caesarea	325	325	affirms	1	0	edge-b4dcd9bf020e9a17|edge-ced297c4e8aec313	drv-b2db38a275770028
thomas-preached-in-india	caesarea	325	325	neutral	0	0	edge-bb83fcfcc698bb19	drv-f6c47a0f418d2b8a
apostolic-succession-transmits-faith	alexandria	328	373	affirms	1	0	edge-f6f4a7e8db2fcf00	drv-9db08a6cc19b1968
apostolic-succession-transmits-faith	rome	328	373	affirms	1	0	edge-091a74168db76cf3|edge-88514679829d64df	drv-9ec3d91517355bac
bodies-will-be-raised-at-last-day	alexandria	328	373	affirms	1	0	edge-bea69aa4c58441b2	drv-e7d169d4fd61e6b2
bodies-will-be-raised-at-last-day	rome	328	373	affirms	1	0	edge-282e4640d759a61d|edge-c51330c7c226190a	drv-68a64d8ca9eef5fb
christ-truly-became-flesh	alexandria	328	373	affirms	1	0	edge-ad94d00172705f61	drv-4563039264d8f353
christ-truly-became-flesh	rome	328	373	affirms	1	0	edge-5b42898915efb448|edge-dee03bc165a8b227	drv-3a18a7bc9da5332b
christianity-established-in-ethiopia	alexandria	328	373	affirms	1	0	edge-d3db00a230346200	drv-90261dc025b9926b
christianity-established-in-ethiopia	rome	328	373	affirms	1	0	edge-6879e31e491776da|edge-a4f9be9755f9a4ac	drv-c6933da43d078dce
jesus-born-of-virgin	alexandria	328	373	affirms	1	0	edge-53dedc0657a90c70	drv-269294a37b47f33f
jesus-born-of-virgin	rome	328	373	affirms	1	0	edge-7d0fd32137a40e24|edge-81ec0c8c36b17eb0	drv-d31ebfc2ce7d2e78
logos-is-pre-existent-son-of-god	alexandria	328	373	affirms	1	0	edge-640336fc88a603a5	drv-a6b19c279b2852de
logos-is-pre-existent-son-of-god	rome	328	373	affirms	1	0	edge-89ac0a4d9fa145e7|edge-b08996cf399b6e9d	drv-bca20597935b535b
son-is-eternally-generated	alexandria	328	373	affirms	1	0	edge-57e830c0075a8f50	drv-3b2f024fd2bcd685
son-is-eternally-generated	rome	328	373	affirms	1	0	edge-21365141f913fcaf|edge-b906e6ab3ae96702	drv-c538c46b50169a97
trinity-is-three-persons-one-substance	alexandria	328	373	affirms	1	0	edge-1201cc646e63b2f1	drv-70c4b198ee5439c4
trinity-is-three-persons-one-substance	rome	328	373	affirms	1	0	edge-51493b8c0d71408c|edge-f9499ab7f799ac4e	drv-ff5a9470653853ac
christ-dominion-is-universal	aksum	328	383	affirms	1	0	edge-8f9d75bb0d650669	drv-1059287e8925572e
christ-dominion-is-universal	tyre	328	383	affirms	1	0	edge-e338e4f5d5fb85ea	drv-59481d0c456f3f5a
christianity-established-in-ethiopia	aksum	328	383	affirms	1	0	edge-a06c28aea2d1d21d	drv-39eae3fbf94aea69
christianity-established-in-ethiopia	tyre	328	383	affirms	1	0	edge-3758432e22e6860a	drv-ed64fc4e50baaba3
christ-dominion-is-universal	caesarea	339	339	affirms	1	0	edge-389b984929b94caf	drv-70b9f78adf69c465
christianity-established-in-arabia	caesarea	339	339	neutral	0	0	edge-9b81437c5738a7e9	drv-f43b45a68755aa37
christianity-established-in-ethiopia	caesarea	339	339	affirms	1	0	edge-0fcecda996e23dd7|edge-5e16f2a623828ad5	drv-4bdb4fd7752341d2
gospel-reached-india	caesarea	339	339	neutral	0	0	edge-ec868df2e1f602fc	drv-2e70eb9a051933b9
christ-dominion-is-universal	aksum	340	356	affirms	1	0	edge-8a40eba7563a1781	drv-b260fbabfe786b3e
christianity-established-in-ethiopia	aksum	340	356	affirms	1	0	edge-b16acdd99fd85d4d	drv-cf0424ac9dd37d11
christianity-established-in-arabia	antioch	354	356	affirms	1	0	edge-4952ed83611101fb	drv-b017d914a6f9ee58
christianity-established-in-arabia	rome	354	356	affirms	1	0	edge-acaa4e057f2a3463	drv-b8c233ad7a73acb8
christianity-established-in-arabia	india-malabar	354	364	affirms	1	0	edge-e8033685a1835f65	drv-7f020e04556e0997
christianity-established-in-arabia	zafar	354	364	affirms	1	0	edge-f50952eb4564017f	drv-ab4ca826f74d056c
christianity-established-in-ethiopia	antioch	356	356	affirms	1	0	edge-ee35392ce5da13a1	drv-60b497897da0e161
christianity-established-in-ethiopia	rome	356	356	affirms	1	0	edge-a157e2bc9c3f8159	drv-946e8156dff98085
gospel-reached-india	india-malabar	356	364	affirms	1	0	edge-6d888b82710b8906	drv-05baa5149922c06a
gospel-reached-india	zafar	356	364	affirms	1	0	edge-95d1eeef1a298194	drv-33db939b064f8305
bodies-will-be-raised-at-last-day	edessa	360	370	affirms	1	0	edge-25cfaf2ef06ab98c	drv-bfa5d31c1da15776
christ-truly-became-flesh	edessa	360	370	affirms	1	0	edge-5e6e1af43b8b2438	drv-236274b5999b2455
christ-truly-suffered-and-died	edessa	360	370	affirms	1	0	edge-07c322954115f6e3	drv-98a4d9535ee59d7a
eucharist-is-body-and-blood	edessa	360	370	affirms	1	0	edge-68beb242d682eea1	drv-bea70b250a8c9123
gospel-harmony-is-authoritative	edessa	360	370	affirms	1	0	edge-2ae28220c6833441	drv-d22d4d2b507b5307
jesus-born-of-virgin	edessa	360	370	affirms	1	0	edge-067e6222b9521f14	drv-6649c5e5acff8236
logos-is-pre-existent-son-of-god	edessa	360	370	affirms	1	0	edge-68aafffc77ea9527	drv-baca7562c7a7f42d
old-testament-is-authoritative-scripture	edessa	360	370	affirms	1	0	edge-af3bf02afc5171d1	drv-1e05068cd5419d8f
repentance-is-required	edessa	360	370	affirms	1	0	edge-a773bd5db90fe84e	drv-37b0554dc32691d6
baptism-effects-regeneration	edessa	363	373	affirms	2	0	edge-5c4b30901a2bbb8c|edge-722f384db3a954c6	drv-4d24e1289ad32e6e
baptismal-anointing-with-oil	edessa	363	373	affirms	1	0	edge-ff19ec30060789f7	drv-a1b59f6f67fe5d86
bodies-will-be-raised-at-last-day	edessa	363	373	affirms	4	0	edge-516e9e61094c0a33|edge-62d58cf5d39d2fe2|edge-7f17775e17fa1eec|edge-b984bc020696815c	drv-8b03b92e25a05beb
christ-truly-became-flesh	edessa	363	373	affirms	4	0	edge-250cc76060344c96|edge-586936898f08d370|edge-83deee1e36c9c3a0|edge-a0f894a5bf798eb6	drv-3daf28987d2d4fab
christ-truly-suffered-and-died	edessa	363	373	affirms	2	0	edge-8ad9b1fc6afc3aee|edge-d6519cfe529eb535	drv-947f49a2dc508afe
eucharist-is-body-and-blood	edessa	363	373	affirms	1	0	edge-48e38018aade7988	drv-30482e07bd383a12
eucharist-is-medicine-of-immortality	edessa	363	373	affirms	2	0	edge-02a0747c1ed827fe|edge-6dcba7c7ed6441fe	drv-42a64eb7813bdc3b
fasting-is-required	edessa	363	373	affirms	1	0	edge-a250e57f43dd0348	drv-0a7b04be564c4a8d
fasting-is-required	nisibis	363	373	affirms	1	0	edge-94f7c0cbc941493e	drv-250c433b28eb30aa
final-judgment-is-coming	edessa	363	373	affirms	1	0	edge-9d4d7ab0bad91186	drv-1a699a053c5248e0
free-will-grounds-moral-responsibility	edessa	363	373	affirms	2	0	edge-36bb323d275a03a5|edge-617d5d7a059827fe	drv-3dc4feff01a43ce1
jesus-born-of-virgin	edessa	363	373	affirms	3	0	edge-0330fe46ffcedd7c|edge-28806ae849553e5e|edge-3838cfe79098ffa7	drv-66a86a3d4eeaf897
logos-is-pre-existent-son-of-god	edessa	363	373	affirms	3	0	edge-7f7f3846a6fde37d|edge-90346b6485d6832a|edge-c158e27c75d353cb	drv-8a926cabdebe9aea
old-testament-is-authoritative-scripture	edessa	363	373	affirms	1	0	edge-ae356ebf47876335	drv-26640258e4731739
perpetual-virginity-of-mary	edessa	363	373	affirms	1	0	edge-1d2d10fdfbac4d78	drv-48af6a851879e0ba
prayer-is-offered-without-ceasing	edessa	363	373	affirms	2	0	edge-92f1d0d212307c09|edge-fe0e669a918436f4	drv-76dbfe6dcd2a562c
prayer-is-offered-without-ceasing	nisibis	363	373	affirms	1	0	edge-1446dd055ae8c8b6	drv-7db6b4bcf03a0fd6
rule-of-faith-received-from-apostles	edessa	363	373	affirms	1	0	edge-af7a8992ed654eec	drv-28b073b51059d62a
son-is-eternally-generated	edessa	363	373	affirms	2	0	edge-51b0e81919686f03|edge-dc826f6093ab9199	drv-21287ad9583bcfe3
trinity-is-three-persons-one-substance	edessa	363	373	affirms	2	0	edge-87e02bcb3a1ce0ba|edge-cc1da39585075559	drv-b4ad423cbd8d96e4
bartholomew-preached-in-india	alexandria	402	402	affirms	1	0	edge-6ed072004144b67c	drv-d87baf37f9e384ae
bartholomew-preached-in-india	jerusalem	402	402	affirms	1	0	edge-3207dc603d8b1708	drv-a787af212f40a555
bartholomew-preached-in-india	rome	402	402	affirms	1	0	edge-d42e1e8b26149fa8	drv-1e085d3d6823e1dc
thomas-preached-in-india	alexandria	402	402	affirms	1	0	edge-bd5a5758d7dabab5	drv-84e8d460bac85f3a
thomas-preached-in-india	jerusalem	402	402	affirms	1	0	edge-d40035b7b5881ac9	drv-ceb3dc1c049d1d37
thomas-preached-in-india	rome	402	402	affirms	1	0	edge-7e3533dddf22cf19	drv-b1987b3377d034bc
christianity-established-in-ethiopia	antioch	425	425	affirms	1	0	edge-75bc570a030e20d6	drv-603083b471f5b6ae
gospel-reached-india	antioch	425	425	affirms	1	0	edge-9c844a738a29b802	drv-e0a56bb23e97e874
disciples-are-called-to-follow-jesus	nazareth			affirms	1	0	edge-373dfa8b3565e655	drv-6ca8ef02bf140d96
jesus-teaches-with-unique-authority	nazareth			affirms	1	0	edge-62f23cc216b31fce	drv-b800e921c2851351
kingdom-of-god-has-drawn-near	nazareth			affirms	1	0	edge-f7ac1f06205a8f05	drv-67c233441fcc1794
