passage_id	source_id	excerpt_form	source_tier
psg-1clement-24-26	src-1clement	verbatim	tier_1_primary
psg-1clement-40-41	src-1clement	verbatim	tier_1_primary
psg-1clement-42	src-1clement	verbatim	tier_1_primary
psg-1clement-44	src-1clement	verbatim	tier_1_primary
psg-1clement-5-1-7	src-1clement	paraphrase	tier_1_primary
psg-1clement-addressed-corinth	src-1clement	verbatim	tier_1_primary
psg-1cor-1-2	src-1cor	paraphrase	tier_1_primary
psg-1cor-11-23-26	src-1cor	paraphrase	tier_1_primary
psg-1cor-15-3-8	src-1cor	paraphrase	tier_1_primary
psg-1cor-16-15-18	src-1cor	paraphrase	tier_1_primary
psg-1cor-16-19	src-1cor	paraphrase	tier_1_primary
psg-1cor-16-8	src-1cor	paraphrase	tier_1_primary
psg-1cor-3-5-6	src-1cor	verbatim	tier_1_primary
psg-1enoch-1-9	src-1enoch	paraphrase	tier_1_primary
psg-1john-5-1	src-1john	paraphrase	tier_1_primary
psg-1pet-1-1	src-1pet	paraphrase	tier_1_primary
psg-1pet-1-3	src-1pet	paraphrase	tier_1_primary
psg-1pet-3-21	src-1pet	verbatim	tier_1_primary
psg-1pet-5-13	src-1pet	verbatim	tier_1_primary
psg-1thess-1-1	src-1thess	paraphrase	tier_1_primary
psg-1thess-4-14	src-1thess	paraphrase	tier_1_primary
psg-1tim-1-2	src-1tim	verbatim	tier_1_primary
psg-1tim-1-3	src-1tim	paraphrase	tier_1_primary
psg-2cor-1-1	src-2cor	paraphrase	tier_1_primary
psg-2cor-4-14	src-2cor	paraphrase	tier_1_primary
psg-2cor-8-23	src-2cor	paraphrase	tier_1_primary
psg-2john-1-7	src-2john	paraphrase	tier_1_primary
psg-2pet-3-7	src-2pet	paraphrase	tier_1_primary
psg-2thess-1-1	src-2thess	paraphrase	tier_1_primary
psg-2tim-1-16-18	src-2tim	paraphrase	tier_1_primary
psg-2tim-2-8	src-2tim	paraphrase	tier_1_primary
psg-2tim-4-10-12	src-2tim	paraphrase	tier_1_primary
psg-2tim-4-11	src-2tim	paraphrase	tier_1_primary
psg-2tim-4-13	src-2tim	paraphrase	tier_1_primary
psg-2tim-4-19	src-2tim	paraphrase	tier_1_primary
psg-2tim-4-20	src-2tim	paraphrase	tier_1_primary
psg-3john-1	src-3john	verbatim	tier_1_primary
psg-acts-1-13-14	src-acts	paraphrase	tier_1_primary
psg-acts-1-21-26	src-acts	paraphrase	tier_1_primary
psg-acts-1-9-11	src-acts	paraphrase	tier_1_primary
psg-acts-10-1-48	src-acts	paraphrase	tier_1_primary
psg-acts-11-25-26	src-acts	paraphrase	tier_1_primary
psg-acts-12-1-2	src-acts	paraphrase	tier_1_primary
psg-acts-12-1-3	src-acts	paraphrase	tier_1_primary
psg-acts-12-25	src-acts	paraphrase	tier_1_primary
psg-acts-13-1	src-acts	paraphrase	tier_1_primary
psg-acts-13-4-12	src-acts	paraphrase	tier_1_primary
psg-acts-15-1-29	src-acts	paraphrase	tier_1_primary
psg-acts-15-22-29	src-acts	paraphrase	tier_1_primary
psg-acts-15-40	src-acts	paraphrase	tier_1_primary
psg-acts-16-1-3	src-acts	paraphrase	tier_1_primary
psg-acts-16-11-15	src-acts	paraphrase	tier_1_primary
psg-acts-16-3	src-acts	paraphrase	tier_1_primary
psg-acts-16-6	src-acts	verbatim	tier_1_primary
psg-acts-17-1-9	src-acts	paraphrase	tier_1_primary
psg-acts-17-10-15	src-acts	paraphrase	tier_1_primary
psg-acts-17-16-34	src-acts	paraphrase	tier_1_primary
psg-acts-17-32-34	src-acts	paraphrase	tier_1_primary
psg-acts-17-34	src-acts	paraphrase	tier_1_primary
psg-acts-17-5-9	src-acts	paraphrase	tier_1_primary
psg-acts-18-1-11	src-acts	paraphrase	tier_1_primary
psg-acts-18-12-17	src-acts	paraphrase	tier_1_primary
psg-acts-18-17	src-acts	paraphrase	tier_1_primary
psg-acts-18-2-3	src-acts	paraphrase	tier_1_primary
psg-acts-18-24-28	src-acts	paraphrase	tier_1_primary
psg-acts-18-26	src-acts	paraphrase	tier_1_primary
psg-acts-18-7	src-acts	paraphrase	tier_1_primary
psg-acts-18-7-8	src-acts	paraphrase	tier_1_primary
psg-acts-18-8	src-acts	paraphrase	tier_1_primary
psg-acts-19-1-10	src-acts	paraphrase	tier_1_primary
psg-acts-19-1-7	src-acts	paraphrase	tier_1_primary
psg-acts-19-24-27	src-acts	paraphrase	tier_1_primary
psg-acts-19-29	src-acts	paraphrase	tier_1_primary
psg-acts-19-33-34	src-acts	paraphrase	tier_1_primary
psg-acts-19-9	src-acts	paraphrase	tier_1_primary
psg-acts-2-1-4	src-acts	paraphrase	tier_1_primary
psg-acts-2-14-36	src-acts	paraphrase	tier_1_primary
psg-acts-2-32	src-acts	paraphrase	tier_1_primary
psg-acts-20-13-15	src-acts	paraphrase	tier_1_primary
psg-acts-20-4	src-acts	paraphrase	tier_1_primary
psg-acts-20-5-6	src-acts	paraphrase	tier_1_primary
psg-acts-20-6-17	src-acts	paraphrase	tier_1_primary
psg-acts-21-10-11	src-acts	paraphrase	tier_1_primary
psg-acts-21-16	src-acts	paraphrase	tier_1_primary
psg-acts-21-29	src-acts	paraphrase	tier_1_primary
psg-acts-21-3-8	src-acts	paraphrase	tier_1_primary
psg-acts-21-8-9	src-acts	paraphrase	tier_1_primary
psg-acts-23-26-35	src-acts	paraphrase	tier_1_primary
psg-acts-24-1-9	src-acts	paraphrase	tier_1_primary
psg-acts-24-24-27	src-acts	paraphrase	tier_1_primary
psg-acts-25-1-6	src-acts	paraphrase	tier_1_primary
psg-acts-25-13-23	src-acts	paraphrase	tier_1_primary
psg-acts-27-1-3	src-acts	paraphrase	tier_1_primary
psg-acts-27-16-17	src-acts	paraphrase	tier_1_primary
psg-acts-27-3-12	src-acts	paraphrase	tier_1_primary
psg-acts-27-5-8	src-acts	paraphrase	tier_1_primary
psg-acts-28-1-14	src-acts	paraphrase	tier_1_primary
psg-acts-28-15	src-acts	paraphrase	tier_1_primary
psg-acts-28-16-31	src-acts	paraphrase	tier_1_primary
psg-acts-28-7-10	src-acts	paraphrase	tier_1_primary
psg-acts-6-1-6	src-acts	paraphrase	tier_1_primary
psg-acts-7-54-60	src-acts	paraphrase	tier_1_primary
psg-acts-8-1-3	src-acts	paraphrase	tier_1_primary
psg-acts-8-5-25	src-acts	paraphrase	tier_1_primary
psg-acts-8-9-24	src-acts	verbatim	tier_1_primary
psg-acts-9-1-19	src-acts	paraphrase	tier_1_primary
psg-acts-9-10-19	src-acts	paraphrase	tier_1_primary
psg-acts-9-26-28	src-acts	paraphrase	tier_1_primary
psg-acts-9-32-35	src-acts	paraphrase	tier_1_primary
psg-acts-9-32-43	src-acts	paraphrase	tier_1_primary
psg-acts-9-36-43	src-acts	paraphrase	tier_1_primary
psg-acts-9-43	src-acts	paraphrase	tier_1_primary
psg-acts-thomas-108-113	src-acts-of-thomas	paraphrase	tier_1_primary
psg-acts-thomas-27	src-acts-of-thomas	paraphrase	tier_1_primary
psg-acts-thomas-49-50	src-acts-of-thomas	paraphrase	tier_1_primary
psg-ad-autolycum-1-1	src-ad-autolycum	verbatim	tier_1_primary
psg-aphrahat-dem-1	src-demonstrations-of-aphrahat	paraphrase	tier_1_primary
psg-aphrahat-dem-17	src-demonstrations-of-aphrahat	paraphrase	tier_1_primary
psg-aphrahat-dem-18	src-demonstrations-of-aphrahat	paraphrase	tier_1_primary
psg-aphrahat-dem-21	src-demonstrations-of-aphrahat	paraphrase	tier_1_primary
psg-aphrahat-dem-3	src-demonstrations-of-aphrahat	paraphrase	tier_1_primary
psg-aphrahat-dem-4	src-demonstrations-of-aphrahat	paraphrase	tier_1_primary
psg-aphrahat-dem-6	src-demonstrations-of-aphrahat	paraphrase	tier_1_primary
psg-aphrahat-dem-7	src-demonstrations-of-aphrahat	paraphrase	tier_1_primary
psg-aphrahat-dem-8	src-demonstrations-of-aphrahat	paraphrase	tier_1_primary
psg-aristides-apol-1-2	src-aristides-apology	paraphrase	tier_1_primary
psg-aristides-apol-15	src-aristides-apology	paraphrase	tier_1_primary
psg-aristides-apol-16	src-aristides-apology	paraphrase	tier_1_primary
psg-athanasius-apol-const-29-31	src-vita-constantini	paraphrase	tier_1_primary
psg-athanasius-de-decretis-1-3	src-athanasius-de-decretis	verbatim	tier_1_primary
psg-athenagoras-emb-10	src-athenagoras-embassy	paraphrase	tier_1_primary
psg-athenagoras-emb-31-33	src-athenagoras-embassy	paraphrase	tier_1_primary
psg-athenagoras-emb-37	src-athenagoras-embassy	paraphrase	tier_1_primary
psg-athenagoras-emb-4-6	src-athenagoras-embassy	paraphrase	tier_1_primary
psg-athenagoras-res-1-3	src-athenagoras-resurrection	paraphrase	tier_1_primary
psg-athenagoras-res-25	src-athenagoras-resurrection	paraphrase	tier_1_primary
psg-barnabas-11	src-barnabas	verbatim	tier_1_primary
psg-barnabas-18-1	src-barnabas	verbatim	tier_1_primary
psg-barnabas-19	src-barnabas	verbatim	tier_1_primary
psg-barnabas-6	src-barnabas	verbatim	tier_1_primary
psg-clement-paed-1-6-26-27	src-clement-paedagogus	verbatim	tier_1_primary
psg-clement-paed-2-10-96-97	src-clement-paedagogus	paraphrase	tier_1_primary
psg-clement-paed-2-2-19-20	src-clement-paedagogus	verbatim	tier_1_primary
psg-clement-paed-3-11-74-76	src-clement-paedagogus	verbatim	tier_1_primary
psg-clement-paed-3-7-39-41	src-clement-paedagogus	paraphrase	tier_1_primary
psg-clement-prot-1-2-3	src-clement-protrepticus	verbatim	tier_1_primary
psg-clement-prot-12-119-120	src-clement-protrepticus	paraphrase	tier_1_primary
psg-clement-qds-11-14	src-quis-dives-salvetur	verbatim	tier_1_primary
psg-clement-qds-32-34	src-quis-dives-salvetur	verbatim	tier_1_primary
psg-clement-qds-42	src-quis-dives-salvetur	verbatim	tier_1_primary
psg-clement-strom-1-5-28	src-clement-stromateis	verbatim	tier_1_primary
psg-clement-strom-3-18-109	src-clement-stromateis	paraphrase	tier_1_primary
psg-clement-strom-7-17-105-108	src-clement-stromateis	verbatim	tier_1_primary
psg-clement-strom-7-7-43-45	src-clement-stromateis	verbatim	tier_1_primary
psg-col-1-2	src-colossians	paraphrase	tier_1_primary
psg-col-1-7	src-colossians	paraphrase	tier_1_primary
psg-col-2-12	src-colossians	paraphrase	tier_1_primary
psg-col-4-12-13	src-colossians	paraphrase	tier_1_primary
psg-col-4-13-16	src-colossians	verbatim	tier_1_primary
psg-col-4-15	src-colossians	paraphrase	tier_1_primary
psg-col-4-16	src-colossians	paraphrase	tier_1_primary
psg-col-4-17	src-colossians	paraphrase	tier_1_primary
psg-col-4-7-9	src-colossians	paraphrase	tier_1_primary
psg-col-4-9	src-colossians	paraphrase	tier_1_primary
psg-community-rule-5-7-13	src-community-rule	paraphrase	tier_1_primary
psg-council-arles-subscriptions	src-rufinus-he	paraphrase	tier_1_primary
psg-cyprian-ad-donatum-3-4	src-cyprian-ad-donatum	paraphrase	tier_1_primary
psg-cyprian-dom-orat-18	src-cyprian-de-dominica-oratione	paraphrase	tier_1_primary
psg-cyprian-dom-orat-35-36	src-cyprian-de-dominica-oratione	paraphrase	tier_1_primary
psg-cyprian-dom-orat-8	src-cyprian-de-dominica-oratione	paraphrase	tier_1_primary
psg-cyprian-ep64-2	src-cyprian-epistula-64	paraphrase	tier_1_primary
psg-cyprian-ep64-5	src-cyprian-epistula-64	paraphrase	tier_1_primary
psg-cyprian-ep73-11	src-cyprian-epistula-73	paraphrase	tier_1_primary
psg-cyprian-ep73-21	src-cyprian-epistula-73	paraphrase	tier_1_primary
psg-cyprian-ep73-4	src-cyprian-epistula-73	paraphrase	tier_1_primary
psg-cyprian-hab-virg-22	src-cyprian-de-habitu-virginum	paraphrase	tier_1_primary
psg-cyprian-hab-virg-3-4	src-cyprian-de-habitu-virginum	paraphrase	tier_1_primary
psg-cyprian-lapsis-15-16	src-cyprian-de-lapsis	paraphrase	tier_1_primary
psg-cyprian-lapsis-25-26	src-cyprian-de-lapsis	paraphrase	tier_1_primary
psg-cyprian-lapsis-6	src-cyprian-de-lapsis	paraphrase	tier_1_primary
psg-cyprian-sent-1	src-cyprian-sententiae	verbatim	tier_1_primary
psg-cyprian-sent-87	src-cyprian-sententiae	verbatim	tier_1_primary
psg-cyprian-sent-proem	src-cyprian-sententiae	paraphrase	tier_1_primary
psg-cyprian-unit-14	src-cyprian-de-unitate	paraphrase	tier_1_primary
psg-cyprian-unit-17	src-cyprian-de-unitate	paraphrase	tier_1_primary
psg-cyprian-unit-4-5	src-cyprian-de-unitate	paraphrase	tier_1_primary
psg-cyprian-unit-6	src-cyprian-de-unitate	paraphrase	tier_1_primary
psg-damascus-document-2-7-10	src-damascus-document	paraphrase	tier_1_primary
psg-diatessaron-1	src-diatessaron	verbatim	tier_1_primary
psg-didache-14-1-3	src-didache	verbatim	tier_1_primary
psg-didache-15-1-2	src-didache	verbatim	tier_1_primary
psg-didache-7-1-4	src-didache	verbatim	tier_1_primary
psg-didache-8	src-didache	verbatim	tier_1_primary
psg-didache-9-1-5	src-didache	verbatim	tier_1_primary
psg-didascalia-12-21	src-didascalia-apostolorum	paraphrase	tier_1_primary
psg-didascalia-14-16	src-didascalia-apostolorum	paraphrase	tier_1_primary
psg-didascalia-2-4	src-didascalia-apostolorum	paraphrase	tier_1_primary
psg-didascalia-6-7	src-didascalia-apostolorum	paraphrase	tier_1_primary
psg-didascalia-9-16	src-didascalia-apostolorum	paraphrase	tier_1_primary
psg-diognetus-5-6	src-letter-to-diognetus	verbatim	tier_1_primary
psg-diognetus-7	src-letter-to-diognetus	verbatim	tier_1_primary
psg-eph-1-1	src-ephesians	paraphrase	tier_1_primary
psg-ephrem-carm-nis-13	src-hymns-on-faith-ephrem	verbatim	tier_1_primary
psg-ephrem-carm-nis-14	src-hymns-on-faith-ephrem	verbatim	tier_1_primary
psg-ephrem-comm-diat-1	src-commentary-on-diatessaron-ephrem	paraphrase	tier_1_primary
psg-ephrem-comm-diat-21	src-commentary-on-diatessaron-ephrem	paraphrase	tier_1_primary
psg-ephrem-faith-10	src-hymns-on-faith-ephrem	paraphrase	tier_1_primary
psg-ephrem-faith-18	src-hymns-on-faith-ephrem	paraphrase	tier_1_primary
psg-ephrem-faith-3	src-hymns-on-faith-ephrem	paraphrase	tier_1_primary
psg-ephrem-heresies-1	src-hymns-against-heresies-ephrem	paraphrase	tier_1_primary
psg-ephrem-heresies-22	src-hymns-against-heresies-ephrem	paraphrase	tier_1_primary
psg-ephrem-nativity-1	src-hymns-on-nativity-ephrem	paraphrase	tier_1_primary
psg-ephrem-nativity-11	src-hymns-on-nativity-ephrem	paraphrase	tier_1_primary
psg-ephrem-paradise-1	src-hymns-on-paradise-ephrem	paraphrase	tier_1_primary
psg-ephrem-paradise-6	src-hymns-on-paradise-ephrem	paraphrase	tier_1_primary
psg-eusebius-church-history-2-25	src-eusebius-ecclesiastical-history	paraphrase	tier_1_primary
psg-eusebius-he-1-13	src-eusebius-ecclesiastical-history	paraphrase	tier_1_primary
psg-eusebius-he-10-5	src-eusebius-ecclesiastical-history	verbatim	tier_1_primary
psg-eusebius-he-3-17	src-eusebius-ecclesiastical-history	verbatim	tier_1_primary
psg-eusebius-he-3-18	src-eusebius-ecclesiastical-history	verbatim	tier_1_primary
psg-eusebius-he-3-28-1-2	src-eusebius-ecclesiastical-history	verbatim	tier_1_primary
psg-eusebius-he-3-36	src-eusebius-ecclesiastical-history	paraphrase	tier_1_primary
psg-eusebius-he-3-39	src-eusebius-ecclesiastical-history	paraphrase	tier_1_primary
psg-eusebius-he-3-39-1-4	src-eusebius-ecclesiastical-history	paraphrase	tier_1_primary
psg-eusebius-he-4-11	src-eusebius-ecclesiastical-history	verbatim	tier_1_primary
psg-eusebius-he-4-11-1-4	src-eusebius-ecclesiastical-history	verbatim	tier_1_primary
psg-eusebius-he-4-16	src-eusebius-ecclesiastical-history	verbatim	tier_1_primary
psg-eusebius-he-4-22	src-eusebius-ecclesiastical-history	verbatim	tier_1_primary
psg-eusebius-he-4-23	src-eusebius-ecclesiastical-history	paraphrase	tier_1_primary
psg-eusebius-he-4-23-1-5	src-eusebius-ecclesiastical-history	verbatim	tier_1_primary
psg-eusebius-he-4-23-6-7	src-eusebius-ecclesiastical-history	verbatim	tier_1_primary
psg-eusebius-he-4-30	src-eusebius-ecclesiastical-history	paraphrase	tier_1_primary
psg-eusebius-he-4-7-1-3	src-eusebius-ecclesiastical-history	verbatim	tier_1_primary
psg-eusebius-he-5-1	src-eusebius-ecclesiastical-history	verbatim	tier_1_primary
psg-eusebius-he-5-10-1-2	src-eusebius-ecclesiastical-history	verbatim	tier_1_primary
psg-eusebius-he-5-10-3-4	src-eusebius-ecclesiastical-history	paraphrase	tier_1_primary
psg-eusebius-he-5-14-1-2	src-eusebius-ecclesiastical-history	verbatim	tier_1_primary
psg-eusebius-he-5-16	src-eusebius-ecclesiastical-history	paraphrase	tier_1_primary
psg-eusebius-he-5-16-7-9	src-eusebius-ecclesiastical-history	verbatim	tier_1_primary
psg-eusebius-he-5-16-montanus	src-eusebius-ecclesiastical-history	verbatim	tier_1_primary
psg-eusebius-he-5-24	src-eusebius-ecclesiastical-history	paraphrase	tier_1_primary
psg-eusebius-he-6-19	src-eusebius-ecclesiastical-history	paraphrase	tier_1_primary
psg-eusebius-he-6-20-43	src-eusebius-ecclesiastical-history	paraphrase	tier_1_primary
psg-eusebius-he-6-25	src-eusebius-ecclesiastical-history	verbatim	tier_1_primary
psg-eusebius-he-6-3	src-eusebius-ecclesiastical-history	paraphrase	tier_1_primary
psg-eusebius-he-6-30	src-eusebius-ecclesiastical-history	verbatim	tier_1_primary
psg-eusebius-he-6-31	src-eusebius-ecclesiastical-history	verbatim	tier_1_primary
psg-eusebius-he-6-33	src-eusebius-ecclesiastical-history	verbatim	tier_1_primary
psg-eusebius-he-6-43	src-eusebius-ecclesiastical-history	paraphrase	tier_1_primary
psg-eusebius-he-6-6	src-eusebius-ecclesiastical-history	verbatim	tier_1_primary
psg-eusebius-he-7-3	src-eusebius-ecclesiastical-history	paraphrase	tier_1_primary
psg-eusebius-he-7-5	src-eusebius-ecclesiastical-history	paraphrase	tier_1_primary
psg-eusebius-he-7-9	src-eusebius-ecclesiastical-history	paraphrase	tier_1_primary
psg-eusebius-vita-const-3-6	src-vita-constantini	verbatim	tier_1_primary
psg-ezana-inscription-ge-ez	src-vita-constantini	paraphrase	tier_1_primary
psg-gal-1-2	src-galatians	paraphrase	tier_1_primary
psg-gal-1-6-9	src-galatians	verbatim	tier_1_primary
psg-gal-2-1-10	src-galatians	paraphrase	tier_1_primary
psg-gal-2-11-14	src-galatians	verbatim	tier_1_primary
psg-gildas-de-excidio-10	src-rufinus-he	paraphrase	tier_1_primary
psg-gregory-address-6	src-gregory-address-to-origen	paraphrase	tier_1_primary
psg-heb-13-20	src-hebrews	paraphrase	tier_1_primary
psg-hermas-mand-1-1	src-shepherd-of-hermas	verbatim	tier_1_primary
psg-hermas-mand-4-3	src-shepherd-of-hermas	verbatim	tier_1_primary
psg-hermas-sim-5-1-1	src-shepherd-of-hermas	verbatim	tier_1_primary
psg-hermas-sim-5-6-5	src-shepherd-of-hermas	verbatim	tier_1_primary
psg-hermas-sim-9-16	src-shepherd-of-hermas	verbatim	tier_1_primary
psg-hermas-sim-9-16-b	src-shepherd-of-hermas	verbatim	tier_1_primary
psg-hermas-vis-2-2	src-shepherd-of-hermas	verbatim	tier_1_primary
psg-hippolytus-at-15-19	src-hippolytus-apostolic-tradition	paraphrase	tier_1_primary
psg-hippolytus-at-2-3	src-hippolytus-apostolic-tradition	paraphrase	tier_1_primary
psg-hippolytus-at-20	src-hippolytus-apostolic-tradition	paraphrase	tier_1_primary
psg-hippolytus-at-21	src-hippolytus-apostolic-tradition	paraphrase	tier_1_primary
psg-hippolytus-at-25-26	src-hippolytus-apostolic-tradition	paraphrase	tier_1_primary
psg-hippolytus-at-4	src-hippolytus-apostolic-tradition	paraphrase	tier_1_primary
psg-hippolytus-at-41	src-hippolytus-apostolic-tradition	paraphrase	tier_1_primary
psg-hippolytus-at-7-8	src-hippolytus-apostolic-tradition	paraphrase	tier_1_primary
psg-hippolytus-ca-2-3	src-hippolytus-on-christ-antichrist	paraphrase	tier_1_primary
psg-hippolytus-ca-61-64	src-hippolytus-on-christ-antichrist	paraphrase	tier_1_primary
psg-hippolytus-cda-4-23	src-hippolytus-commentary-daniel	paraphrase	tier_1_primary
psg-hippolytus-cn-1	src-hippolytus-contra-noetum	paraphrase	tier_1_primary
psg-hippolytus-cn-10-11	src-hippolytus-contra-noetum	paraphrase	tier_1_primary
psg-hippolytus-cn-17-18	src-hippolytus-contra-noetum	verbatim	tier_1_primary
psg-hippolytus-ref-9-11-12	src-hippolytus-refutation	paraphrase	tier_1_primary
psg-hippolytus-ref-9-12-zeph	src-hippolytus-refutation	paraphrase	tier_1_primary
psg-hippolytus-ref-9-7	src-hippolytus-refutation	paraphrase	tier_1_primary
psg-ignatius-eph-13	src-ignatius-ephesians	verbatim	tier_1_primary
psg-ignatius-eph-18-19	src-ignatius-ephesians	paraphrase	tier_1_primary
psg-ignatius-eph-20	src-ignatius-ephesians	verbatim	tier_1_primary
psg-ignatius-eph-7	src-ignatius-ephesians	verbatim	tier_1_primary
psg-ignatius-magn-13	src-ignatius-magnesians	verbatim	tier_1_primary
psg-ignatius-magn-6	src-ignatius-magnesians	verbatim	tier_1_primary
psg-ignatius-phil-4	src-ignatius-philadelphians	verbatim	tier_1_primary
psg-ignatius-rom-7	src-ignatius-rome	verbatim	tier_1_primary
psg-ignatius-smyrn-1	src-ignatius-smyrnaeans	paraphrase	tier_1_primary
psg-ignatius-smyrn-7	src-ignatius-smyrnaeans	verbatim	tier_1_primary
psg-ignatius-smyrn-8	src-ignatius-smyrnaeans	verbatim	tier_1_primary
psg-ignatius-trall-3	src-ignatius-trallians	verbatim	tier_1_primary
psg-ignatius-trall-7	src-ignatius-trallians	verbatim	tier_1_primary
psg-irenaeus-ah-1-10-1	src-irenaeus-against-heresies	paraphrase	tier_1_primary
psg-irenaeus-ah-1-10-2	src-irenaeus-against-heresies	paraphrase	tier_1_primary
psg-irenaeus-ah-1-11-1	src-irenaeus-against-heresies	verbatim	tier_1_primary
psg-irenaeus-ah-1-23-1	src-irenaeus-against-heresies	verbatim	tier_1_primary
psg-irenaeus-ah-1-24-1-2	src-irenaeus-against-heresies	verbatim	tier_1_primary
psg-irenaeus-ah-1-26-1	src-irenaeus-against-heresies	verbatim	tier_1_primary
psg-irenaeus-ah-1-26-2	src-irenaeus-against-heresies	verbatim	tier_1_primary
psg-irenaeus-ah-1-27-1-2	src-irenaeus-against-heresies	verbatim	tier_1_primary
psg-irenaeus-ah-1-28-1	src-irenaeus-against-heresies	verbatim	tier_1_primary
psg-irenaeus-ah-2-22-4	src-irenaeus-against-heresies	verbatim	tier_1_primary
psg-irenaeus-ah-3-1-1	src-irenaeus-against-heresies	paraphrase	tier_1_primary
psg-irenaeus-ah-3-17-2	src-irenaeus-against-heresies	verbatim	tier_1_primary
psg-irenaeus-ah-3-2-1	src-irenaeus-against-heresies	paraphrase	tier_1_primary
psg-irenaeus-ah-3-3-1	src-irenaeus-against-heresies	paraphrase	tier_1_primary
psg-irenaeus-ah-3-3-2	src-irenaeus-against-heresies	paraphrase	tier_1_primary
psg-irenaeus-ah-3-3-3	src-irenaeus-against-heresies	paraphrase	tier_1_primary
psg-irenaeus-ah-3-3-4	src-irenaeus-against-heresies	paraphrase	tier_1_primary
psg-irenaeus-ah-3-4-1	src-irenaeus-against-heresies	paraphrase	tier_1_primary
psg-irenaeus-ah-3-4-3	src-irenaeus-against-heresies	paraphrase	tier_1_primary
psg-irenaeus-ah-4-18-1	src-irenaeus-against-heresies	paraphrase	tier_1_primary
psg-irenaeus-ah-4-33-7	src-irenaeus-against-heresies	verbatim	tier_1_primary
psg-irenaeus-ah-5-2-2	src-irenaeus-against-heresies	paraphrase	tier_1_primary
psg-irenaeus-ah-5-33-3	src-irenaeus-against-heresies	verbatim	tier_1_primary
psg-jas-4-8-10	src-james	paraphrase	tier_1_primary
psg-john-1-28-34	src-john	paraphrase	tier_1_primary
psg-john-1-35-42	src-john	paraphrase	tier_1_primary
psg-john-1-43-49	src-john	paraphrase	tier_1_primary
psg-john-11-1-18	src-john	paraphrase	tier_1_primary
psg-john-11-1-44	src-john	paraphrase	tier_1_primary
psg-john-13-1-17	src-john	paraphrase	tier_1_primary
psg-john-18-1-11	src-john	paraphrase	tier_1_primary
psg-john-19-38-42	src-john	paraphrase	tier_1_primary
psg-john-20-1-18	src-john	paraphrase	tier_1_primary
psg-john-20-31	src-john	paraphrase	tier_1_primary
psg-john-21-1-14	src-john	paraphrase	tier_1_primary
psg-john-6-67-71	src-john	paraphrase	tier_1_primary
psg-josephus-ant-18-116-119	src-josephus-ant	paraphrase	tier_1_primary
psg-josephus-ant-18-55-59	src-josephus-ant	paraphrase	tier_1_primary
psg-josephus-ant-20-200	src-josephus-ant	paraphrase	tier_1_primary
psg-josephus-war-2-119-166	src-josephus-war	paraphrase	tier_1_primary
psg-josephus-war-4-zealots	src-josephus-war	paraphrase	tier_1_primary
psg-josephus-war-6-249-266	src-josephus-war	paraphrase	tier_1_primary
psg-jubilees-23-29-31	src-jubilees	paraphrase	tier_1_primary
psg-jude-1-14-15	src-jude	paraphrase	tier_1_primary
psg-justin-apol-13	src-justin-first-apology	paraphrase	tier_1_primary
psg-justin-apol-21	src-justin-first-apology	paraphrase	tier_1_primary
psg-justin-apol-33	src-justin-first-apology	paraphrase	tier_1_primary
psg-justin-apol-46	src-justin-first-apology	paraphrase	tier_1_primary
psg-justin-apol-5-6	src-justin-first-apology	paraphrase	tier_1_primary
psg-justin-apol-61	src-justin-first-apology	verbatim	tier_1_primary
psg-justin-apol-65-66	src-justin-first-apology	verbatim	tier_1_primary
psg-justin-apol-67	src-justin-first-apology	verbatim	tier_1_primary
psg-justin-dial-117	src-dialogue-trypho	verbatim	tier_1_primary
psg-justin-dial-41	src-dialogue-trypho	verbatim	tier_1_primary
psg-justin-dial-70	src-dialogue-trypho	verbatim	tier_1_primary
psg-lactantius-de-mort-44	src-lactantius-de-mortibus	verbatim	tier_1_primary
psg-laws-countries-customs	src-book-of-laws-of-countries	paraphrase	tier_1_primary
psg-laws-countries-free-will	src-book-of-laws-of-countries	paraphrase	tier_1_primary
psg-luke-10-38-42	src-luke	paraphrase	tier_1_primary
psg-luke-19-1-10	src-luke	paraphrase	tier_1_primary
psg-luke-22-47-53	src-luke	paraphrase	tier_1_primary
psg-luke-22-7-23	src-luke	paraphrase	tier_1_primary
psg-luke-24-46-47	src-luke	paraphrase	tier_1_primary
psg-luke-24-5-7	src-luke	paraphrase	tier_1_primary
psg-luke-24-50-53	src-luke	paraphrase	tier_1_primary
psg-luke-3-1-3	src-luke	paraphrase	tier_1_primary
psg-luke-4-16	src-luke	paraphrase	tier_1_primary
psg-luke-8-1-3	src-luke	paraphrase	tier_1_primary
psg-mark-1-14-15	src-mark	paraphrase	tier_1_primary
psg-mark-1-16-20	src-mark	paraphrase	tier_1_primary
psg-mark-11-1-11	src-mark	paraphrase	tier_1_primary
psg-mark-11-15-18	src-mark	paraphrase	tier_1_primary
psg-mark-12-13-17	src-mark	paraphrase	tier_1_primary
psg-mark-15-1-15	src-mark	paraphrase	tier_1_primary
psg-mark-15-24-39	src-mark	paraphrase	tier_1_primary
psg-mark-15-40-41	src-mark	verbatim	tier_1_primary
psg-mark-16-6	src-mark	paraphrase	tier_1_primary
psg-mark-3-6	src-mark	paraphrase	tier_1_primary
psg-mark-6-17-29	src-mark	paraphrase	tier_1_primary
psg-martpoly-14	src-martyrdom-polycarp	verbatim	tier_1_primary
psg-martpoly-17-18	src-martyrdom-polycarp	verbatim	tier_1_primary
psg-martyrdom-polycarp-14	src-martyrdom-polycarp	verbatim	tier_1_primary
psg-martyrdom-polycarp-17-18	src-martyrdom-polycarp	paraphrase	tier_1_primary
psg-martyrdom-polycarp-9	src-martyrdom-polycarp	verbatim	tier_1_primary
psg-matt-10-1-4	src-matthew	paraphrase	tier_1_primary
psg-matt-10-2-4	src-matthew	paraphrase	tier_1_primary
psg-matt-28-19-20	src-matthew	verbatim	tier_1_primary
psg-matt-28-5-7	src-matthew	paraphrase	tier_1_primary
psg-matt-4-17	src-matthew	paraphrase	tier_1_primary
psg-matt-4-23	src-matthew	paraphrase	tier_1_primary
psg-matt-7-28-29	src-matthew	paraphrase	tier_1_primary
psg-melito-peri-pascha-66-71	src-melito-peri-pascha	paraphrase	tier_1_primary
psg-melito-peri-pascha-96	src-melito-peri-pascha	paraphrase	tier_1_primary
psg-novatian-trin-1	src-novatian-de-trinitate	verbatim	tier_1_primary
psg-novatian-trin-26-29	src-novatian-de-trinitate	paraphrase	tier_1_primary
psg-novatian-trin-31	src-novatian-de-trinitate	paraphrase	tier_1_primary
psg-novatian-trin-9-11	src-novatian-de-trinitate	paraphrase	tier_1_primary
psg-origen-comjohn-1-22	src-origen-commentary-john	verbatim	tier_1_primary
psg-origen-comjohn-2-10	src-origen-commentary-john	paraphrase	tier_1_primary
psg-origen-commatt-11-14	src-origen-commentary-matthew	paraphrase	tier_1_primary
psg-origen-commatt-14-25	src-origen-commentary-matthew	paraphrase	tier_1_primary
psg-origen-comrom-3-8	src-origen-commentary-romans	paraphrase	tier_1_primary
psg-origen-comrom-5-9	src-origen-commentary-romans	verbatim	tier_1_primary
psg-origen-comrom-6-7	src-origen-commentary-romans	paraphrase	tier_1_primary
psg-origen-contra-celsum-1-32	src-origen-contra-celsum	verbatim	tier_1_primary
psg-origen-contra-celsum-3-44	src-origen-contra-celsum	verbatim	tier_1_primary
psg-origen-contra-celsum-7-42	src-origen-contra-celsum	verbatim	tier_1_primary
psg-origen-contra-celsum-8-12	src-origen-contra-celsum	verbatim	tier_1_primary
psg-origen-de-princ-1-pref	src-origen-de-principiis	verbatim	tier_1_primary
psg-origen-deprinc-1-2-10	src-origen-de-principiis	verbatim	tier_1_primary
psg-origen-deprinc-1-2-2	src-origen-de-principiis	verbatim	tier_1_primary
psg-origen-deprinc-1-6-1	src-origen-de-principiis	paraphrase	tier_1_primary
psg-origen-deprinc-2-8-3	src-origen-de-principiis	paraphrase	tier_1_primary
psg-origen-deprinc-3-1-1	src-origen-de-principiis	verbatim	tier_1_primary
psg-origen-deprinc-4-2-4	src-origen-de-principiis	verbatim	tier_1_primary
psg-origen-deprinc-pref-4	src-origen-de-principiis	verbatim	tier_1_primary
psg-origen-exhort-11	src-origen-exhortation-martyrdom	paraphrase	tier_1_primary
psg-origen-exhort-30	src-origen-exhortation-martyrdom	paraphrase	tier_1_primary
psg-origen-hom-ezek-4-1	src-eusebius-ecclesiastical-history	paraphrase	tier_1_primary
psg-origen-homjer-16-6	src-origen-homilies-jeremiah	paraphrase	tier_1_primary
psg-origen-homjer-20-3	src-origen-homilies-jeremiah	paraphrase	tier_1_primary
psg-origen-homlev-5-3	src-origen-homilies-leviticus	paraphrase	tier_1_primary
psg-origen-homlev-8-3	src-origen-homilies-leviticus	paraphrase	tier_1_primary
psg-origen-homlev-9-10	src-origen-homilies-leviticus	paraphrase	tier_1_primary
psg-origen-homluke-14-3	src-origen-homilies-luke	verbatim	tier_1_primary
psg-origen-homluke-7	src-origen-homilies-luke	verbatim	tier_1_primary
psg-origen-onprayer-27	src-origen-on-prayer	paraphrase	tier_1_primary
psg-origen-onprayer-5	src-origen-on-prayer	paraphrase	tier_1_primary
psg-papias-frag-1	src-papias-fragments	paraphrase	tier_1_primary
psg-papias-frag-2	src-papias-fragments	verbatim	tier_1_primary
psg-papias-frag-3	src-papias-fragments	verbatim	tier_1_primary
psg-phil-1-1	src-philippians	paraphrase	tier_1_primary
psg-phil-2-25-30	src-philippians	paraphrase	tier_1_primary
psg-phil-4-2-3	src-philippians	paraphrase	tier_1_primary
psg-philemon-1-2	src-philemon	paraphrase	tier_1_primary
psg-philostorgius-he-3-4	src-philostorgius-he	paraphrase	tier_1_primary
psg-philostorgius-he-3-6	src-philostorgius-he	paraphrase	tier_1_primary
psg-phlm-10-12	src-philemon	paraphrase	tier_1_primary
psg-phlm-23-24	src-philemon	paraphrase	tier_1_primary
psg-polycarp-phil-2	src-polycarp-philippians	verbatim	tier_1_primary
psg-polycarp-phil-2-b	src-polycarp-philippians	verbatim	tier_1_primary
psg-polycarp-phil-5-6	src-polycarp-philippians	verbatim	tier_1_primary
psg-polycarp-phil-7	src-polycarp-philippians	verbatim	tier_1_primary
psg-polycarp-phil-7-b	src-polycarp-philippians	verbatim	tier_1_primary
psg-pssol-17-32-36	src-psalms-of-solomon	paraphrase	tier_1_primary
psg-rev-1-11	src-revelation	paraphrase	tier_1_primary
psg-rev-1-9	src-revelation	paraphrase	tier_1_primary
psg-rev-2-1-7	src-revelation	verbatim	tier_1_primary
psg-rev-2-12-17	src-revelation	verbatim	tier_1_primary
psg-rev-2-13	src-revelation	paraphrase	tier_1_primary
psg-rev-2-15	src-revelation	paraphrase	tier_1_primary
psg-rev-2-18-29	src-revelation	verbatim	tier_1_primary
psg-rev-2-6	src-revelation	paraphrase	tier_1_primary
psg-rev-2-8-11	src-revelation	verbatim	tier_1_primary
psg-rev-3-1-6	src-revelation	verbatim	tier_1_primary
psg-rev-3-14-22	src-revelation	verbatim	tier_1_primary
psg-rev-3-7-13	src-revelation	verbatim	tier_1_primary
psg-rom-1-7	src-romans	paraphrase	tier_1_primary
psg-rom-10-9	src-romans	paraphrase	tier_1_primary
psg-rom-16-1-2	src-romans	paraphrase	tier_1_primary
psg-rom-16-12	src-romans	paraphrase	tier_1_primary
psg-rom-16-13	src-romans	paraphrase	tier_1_primary
psg-rom-16-14	src-romans	paraphrase	tier_1_primary
psg-rom-16-15	src-romans	paraphrase	tier_1_primary
psg-rom-16-23	src-romans	paraphrase	tier_1_primary
psg-rom-16-3-4	src-romans	paraphrase	tier_1_primary
psg-rom-16-3-5	src-romans	paraphrase	tier_1_primary
psg-rom-16-6	src-romans	paraphrase	tier_1_primary
psg-rom-16-7	src-romans	paraphrase	tier_1_primary
psg-rom-16-9	src-romans	paraphrase	tier_1_primary
psg-rufinus-he-1-10	src-rufinus-he	paraphrase	tier_1_primary
psg-rufinus-he-1-9	src-rufinus-he	paraphrase	tier_1_primary
psg-sirach-5-7	src-sirach	paraphrase	tier_1_primary
psg-sirach-prologue	src-sirach	verbatim	tier_1_primary
psg-socrates-he-1-19	src-socrates-he	paraphrase	tier_1_primary
psg-socrates-he-1-20	src-socrates-he	verbatim	tier_1_primary
psg-socrates-he-5-8	src-socrates-he	verbatim	tier_1_primary
psg-socrates-he-7-34	src-socrates-he	verbatim	tier_1_primary
psg-sozomen-he-2-9	src-sozomen-he	verbatim	tier_1_primary
psg-tacitus-ann-15-44	src-tacitus-annals	verbatim	tier_1_primary
psg-tacitus-annals-15-38-44	src-tacitus-annals	paraphrase	tier_1_primary
psg-tatian-oration-15	src-oration-to-greeks	verbatim	tier_1_primary
psg-tatian-oration-4	src-oration-to-greeks	verbatim	tier_1_primary
psg-tatian-oration-6	src-oration-to-greeks	verbatim	tier_1_primary
psg-tertullian-adv-jud-7	src-adversus-judaeos-tertullian	paraphrase	tier_1_primary
psg-tertullian-adv-marc-1-2	src-tertullian-adv-marcionem	paraphrase	tier_1_primary
psg-tertullian-adv-marc-3-8	src-tertullian-adv-marcionem	paraphrase	tier_1_primary
psg-tertullian-adv-marc-4-40	src-tertullian-adv-marcionem	verbatim	tier_1_primary
psg-tertullian-adv-marc-5-10	src-tertullian-adv-marcionem	paraphrase	tier_1_primary
psg-tertullian-adv-prax-2	src-tertullian-adv-praxean	verbatim	tier_1_primary
psg-tertullian-adv-prax-25	src-tertullian-adv-praxean	verbatim	tier_1_primary
psg-tertullian-adv-prax-9	src-tertullian-adv-praxean	verbatim	tier_1_primary
psg-tertullian-apol-39	src-tertullian-apologeticum	verbatim	tier_1_primary
psg-tertullian-apol-50	src-tertullian-apologeticum	verbatim	tier_1_primary
psg-tertullian-de-bapt-1	src-tertullian-de-baptismo	verbatim	tier_1_primary
psg-tertullian-de-bapt-13	src-tertullian-de-baptismo	paraphrase	tier_1_primary
psg-tertullian-de-bapt-18	src-tertullian-de-baptismo	verbatim	tier_1_primary
psg-tertullian-de-bapt-6	src-tertullian-de-baptismo	verbatim	tier_1_primary
psg-tertullian-de-carne-5	src-tertullian-de-carne	verbatim	tier_1_primary
psg-tertullian-de-corona-11	src-tertullian-de-corona	verbatim	tier_1_primary
psg-tertullian-de-ieiu-10	src-tertullian-de-oratione	verbatim	tier_1_primary
psg-tertullian-de-orat-1	src-tertullian-de-oratione	paraphrase	tier_1_primary
psg-tertullian-de-paen-7-9	src-tertullian-de-paenitentia	paraphrase	tier_1_primary
psg-tertullian-de-praescr-13	src-tertullian-de-praescr	verbatim	tier_1_primary
psg-tertullian-de-praescr-20-21	src-tertullian-de-praescr	verbatim	tier_1_primary
psg-tertullian-de-praescr-36	src-tertullian-de-praescr	verbatim	tier_1_primary
psg-tertullian-de-res-1	src-tertullian-de-res	verbatim	tier_1_primary
psg-tertullian-de-spect-24	src-tertullian-de-spectaculis	paraphrase	tier_1_primary
psg-tertullian-de-spect-4	src-tertullian-de-spectaculis	verbatim	tier_1_primary
psg-tertullian-praescr-36	src-tertullian-de-praescr	verbatim	tier_1_primary
psg-theophilus-autol-1-13	src-ad-autolycum	verbatim	tier_1_primary
psg-theophilus-autol-2-10	src-ad-autolycum	verbatim	tier_1_primary
psg-theophilus-autol-2-15	src-ad-autolycum	verbatim	tier_1_primary
psg-titus-1-4	src-titus	verbatim	tier_1_primary
psg-titus-1-5	src-titus	paraphrase	tier_1_primary
psg-titus-3-12	src-titus	paraphrase	tier_1_primary
psg-vita-const-letter-constantius	src-vita-constantini	paraphrase	tier_1_primary
psg-war-scroll-1-1-5	src-war-scroll	paraphrase	tier_1_primary
psg-wikipedia-aksumite-control	src-wikipedia-aksumite-empire	verbatim	tier_3_tertiary
psg-wikipedia-arab-christian-presence	src-wikipedia-arab-church	verbatim	tier_3_tertiary
psg-wikipedia-british-church-control	src-wikipedia-christianity-roman-britain	verbatim	tier_3_tertiary
psg-wikipedia-church-of-east-spread	src-wikipedia-church-of-east	verbatim	tier_3_tertiary
psg-wikipedia-council-ephesus-431	src-wikipedia-council-ephesus-431	verbatim	tier_3_tertiary
psg-wikipedia-early-christian-places	src-wikipedia-early-christian-places	verbatim	tier_3_tertiary
psg-wikipedia-early-church-geography	src-wikipedia-early-church-geography	verbatim	tier_3_tertiary
psg-wikipedia-gnostic-spread	src-wikipedia-gnosticism	verbatim	tier_3_tertiary
psg-wikipedia-marcionites-spread	src-wikipedia-marcionites	verbatim	tier_3_tertiary
psg-wikipedia-neronian-persecution	src-wikipedia-neronian-persecution	verbatim	tier_3_tertiary
psg-wikipedia-novatianists-spread	src-wikipedia-novatianists	verbatim	tier_3_tertiary
psg-wikipedia-roman-empire-provinces	src-wikipedia-roman-empire	verbatim	tier_3_tertiary
psg-wikipedia-sack-of-jerusalem-70	src-wikipedia-sack-of-jerusalem-70	verbatim	tier_3_tertiary
psg-wisdom-3-18-19	src-wisdom-of-solomon	paraphrase	tier_1_primary
